timestamp,tag,push_ms,hub_api_lag_ms,registry_lag_ms
2026-09-09T10:07:35Z,lag-1788948453,2149,78,117
2026-09-09T10:22:08Z,lag-1788949325,2808,144,284
2026-09-09T11:34:46Z,lag-1788953684,2154,76,108
2026-09-09T11:52:04Z,lag-1788954722,2440,156,230
2026-09-09T12:02:17Z,lag-1788955335,2120,127,112
2026-09-09T12:24:15Z,lag-1788956652,2949,158,297
2026-09-09T12:29:18Z,lag-1788956955,2761,132,297
2026-09-09T12:34:32Z,lag-1788957269,2339,123,163
2026-09-09T12:39:26Z,lag-1788957563,2753,119,313
2026-09-09T12:44:23Z,lag-1788957860,2216,78,121
2026-09-09T12:49:27Z,lag-1788958164,2485,176,208
2026-09-09T12:54:34Z,lag-1788958472,2654,182,274
2026-09-09T12:58:03Z,lag-1788958681,2192,66,105
2026-09-09T12:59:31Z,lag-1788958768,2078,71,115
2026-09-09T13:04:37Z,lag-1788959074,2419,125,195
2026-09-09T13:09:37Z,lag-1788959374,2588,137,219
2026-09-09T13:14:45Z,lag-1788959682,2426,132,195
2026-09-09T13:19:48Z,lag-1788959985,2778,190,256
2026-09-09T13:24:45Z,lag-1788960283,2235,127,122
2026-09-09T13:29:50Z,lag-1788960588,2134,73,115
2026-09-09T13:34:54Z,lag-1788960892,2463,140,209
2026-09-09T13:39:58Z,lag-1788961195,2601,148,218
2026-09-09T13:44:58Z,lag-1788961495,2107,60,103
2026-09-09T13:50:00Z,lag-1788961798,2159,128,132
2026-09-09T13:55:10Z,lag-1788962107,2881,186,305
2026-09-09T14:00:13Z,lag-1788962408,3754,194,497
2026-09-09T14:05:10Z,lag-1788962707,2152,76,113
2026-09-09T14:10:13Z,lag-1788963011,2324,157,166
2026-09-09T14:15:18Z,lag-1788963316,2328,170,113
2026-09-09T14:20:18Z,lag-1788963616,2307,91,123
2026-09-09T14:25:23Z,lag-1788963921,2182,79,112
2026-09-09T14:30:24Z,lag-1788964222,2145,140,105
2026-09-09T14:31:32Z,lag-1788964290,2188,137,105
2026-09-09T14:35:31Z,lag-1788964528,2491,140,207
2026-09-09T14:40:35Z,lag-1788964832,2648,163,247
2026-09-09T14:45:39Z,lag-1788965136,2802,202,327
2026-09-09T14:50:40Z,lag-1788965437,2852,159,271
2026-09-09T14:55:42Z,lag-1788965739,2734,172,241
2026-09-09T15:00:49Z,lag-1788966045,3034,148,328
2026-09-09T15:05:48Z,lag-1788966345,2654,207,233
2026-09-09T15:10:52Z,lag-1788966649,2674,184,254
2026-09-09T15:15:50Z,lag-1788966948,2214,103,126
2026-09-09T15:21:01Z,lag-1788967258,2298,114,167
2026-09-09T15:26:37Z,lag-1788967594,2819,142,338
2026-09-09T15:31:06Z,lag-1788967863,2761,137,308
2026-09-09T15:36:04Z,lag-1788968162,2320,134,107
2026-09-09T15:41:05Z,lag-1788968462,2351,101,115
2026-09-09T15:46:10Z,lag-1788968767,2171,64,111
2026-09-09T15:51:16Z,lag-1788969072,2771,134,306
2026-09-09T15:56:14Z,lag-1788969372,2341,165,193
2026-09-09T16:01:20Z,lag-1788969678,2136,90,122
2026-09-09T16:06:27Z,lag-1788969984,2792,134,310
2026-09-09T16:11:28Z,lag-1788970285,2905,137,312
2026-09-09T16:16:30Z,lag-1788970588,2505,149,208
2026-09-09T16:21:31Z,lag-1788970888,2187,73,119
2026-09-09T16:26:39Z,lag-1788971196,2830,137,360
2026-09-09T16:31:41Z,lag-1788971498,2699,152,235
2026-09-09T16:36:46Z,lag-1788971803,2849,128,308
2026-09-09T16:41:44Z,lag-1788972101,2650,56,112
2026-09-09T16:46:49Z,lag-1788972406,2869,139,303
2026-09-09T16:51:47Z,lag-1788972705,2222,120,130
2026-09-09T16:56:52Z,lag-1788973009,2669,171,282
2026-09-09T17:01:54Z,lag-1788973312,2376,83,159
2026-09-09T17:06:55Z,lag-1788973613,2173,49,107
2026-09-09T17:11:59Z,lag-1788973917,2119,59,105
2026-09-09T17:17:01Z,lag-1788974219,2162,83,106
2026-09-09T17:22:10Z,lag-1788974527,2783,147,302
2026-09-09T17:27:11Z,lag-1788974828,2615,144,188
2026-09-09T17:32:09Z,lag-1788975127,2560,156,237
2026-09-09T17:37:18Z,lag-1788975435,2595,175,236
2026-09-09T17:42:22Z,lag-1788975739,2617,183,247
2026-09-09T17:47:22Z,lag-1788976039,2502,142,209
2026-09-09T17:52:26Z,lag-1788976343,2798,159,284
2026-09-09T17:57:31Z,lag-1788976648,2727,131,310
2026-09-09T17:57:55Z,lag-1788976673,2139,73,97
2026-09-09T18:02:29Z,lag-1788976947,2302,98,154
2026-09-09T18:07:37Z,lag-1788977254,3094,116,314
2026-09-09T18:12:38Z,lag-1788977555,2784,231,294
2026-09-09T18:17:39Z,lag-1788977857,2366,125,159
2026-09-09T18:22:45Z,lag-1788978161,2701,965,296
2026-09-09T18:27:59Z,lag-1788978476,2825,257,327
2026-09-09T18:32:47Z,lag-1788978765,2148,47,107
2026-09-09T18:37:50Z,lag-1788979067,2199,90,116
2026-09-09T18:42:55Z,lag-1788979372,2436,138,203
2026-09-09T18:47:56Z,lag-1788979674,2268,119,112
2026-09-09T18:53:01Z,lag-1788979978,2567,153,232
2026-09-09T18:58:03Z,lag-1788980280,2697,177,267
2026-09-09T19:03:05Z,lag-1788980583,2322,64,110
2026-09-09T19:08:13Z,lag-1788980890,2973,130,314
2026-09-09T19:13:14Z,lag-1788981192,2403,129,195
2026-09-09T19:18:18Z,lag-1788981495,2865,138,307
2026-09-09T19:23:19Z,lag-1788981797,2087,72,115
2026-09-09T19:28:30Z,lag-1788982107,2892,195,360
2026-09-09T19:34:05Z,lag-1788982443,2214,73,102
2026-09-09T19:38:43Z,lag-1788982720,2759,174,273
2026-09-09T19:43:43Z,lag-1788983020,2605,209,250
2026-09-09T19:49:16Z,lag-1788983354,2299,77,124
2026-09-09T19:53:48Z,lag-1788983625,2780,142,315
2026-09-09T19:58:46Z,lag-1788983923,2394,92,119
2026-09-09T20:03:49Z,lag-1788984226,2181,125,104
2026-09-09T20:09:03Z,lag-1788984541,2308,80,162
2026-09-09T20:13:57Z,lag-1788984834,2358,709,191
2026-09-09T20:19:02Z,lag-1788985139,2737,204,275
2026-09-09T20:24:03Z,lag-1788985440,2808,153,270
2026-09-09T20:29:03Z,lag-1788985740,2154,148,135
2026-09-09T20:34:10Z,lag-1788986047,2745,122,298
2026-09-09T20:39:13Z,lag-1788986350,2635,215,281
2026-09-09T20:44:15Z,lag-1788986652,2596,159,272
2026-09-09T20:49:16Z,lag-1788986954,2329,114,156
2026-09-09T20:52:27Z,lag-1788987145,2133,137,123
2026-09-09T20:54:19Z,lag-1788987256,2555,148,227
2026-09-09T22:58:19Z,lag-1788994696,2585,173,264
2026-09-10T01:00:33Z,lag-1789002029,3744,134,120
2026-09-10T03:34:46Z,lag-1789011283,2671,141,202
2026-09-10T05:44:49Z,lag-1789019086,2808,134,296
2026-09-10T05:49:53Z,lag-1789019390,2728,138,292
2026-09-10T05:54:48Z,lag-1789019685,2648,179,230
2026-09-10T05:59:55Z,lag-1789019993,2099,69,116
2026-09-10T06:05:01Z,lag-1789020298,2628,171,281
2026-09-10T06:10:01Z,lag-1789020598,2623,165,297
2026-09-10T06:15:05Z,lag-1789020902,2719,170,282
2026-09-10T06:20:06Z,lag-1789021203,2664,186,283
2026-09-10T06:25:10Z,lag-1789021507,2408,145,196
2026-09-10T06:30:11Z,lag-1789021808,2397,138,188
2026-09-10T06:35:15Z,lag-1789022112,2372,129,162
2026-09-10T06:40:16Z,lag-1789022413,2067,84,98
2026-09-10T06:45:24Z,lag-1789022720,3134,155,309
2026-09-10T06:50:22Z,lag-1789023019,2189,90,149
2026-09-10T06:55:29Z,lag-1789023326,2772,190,320
2026-09-10T07:00:28Z,lag-1789023625,2622,162,437
2026-09-10T07:05:28Z,lag-1789023926,2174,85,135
2026-09-10T07:10:34Z,lag-1789024231,2136,114,106
2026-09-10T07:15:37Z,lag-1789024534,2728,161,277
2026-09-10T07:20:40Z,lag-1789024837,2776,212,339
2026-09-10T07:25:40Z,lag-1789025138,2190,94,117
2026-09-10T07:30:46Z,lag-1789025443,2491,155,224
2026-09-10T07:35:50Z,lag-1789025748,2224,122,145
2026-09-10T07:40:50Z,lag-1789026048,2235,85,146
2026-09-10T07:45:56Z,lag-1789026353,2426,163,213
2026-09-10T07:50:55Z,lag-1789026652,2117,79,116
2026-09-10T07:56:02Z,lag-1789026954,7735,169,324
2026-09-10T08:06:06Z,lag-1789027563,2730,146,327
2026-09-10T08:11:05Z,lag-1789027862,2490,134,467
2026-09-10T08:16:05Z,lag-1789028162,2127,108,150
2026-09-10T08:21:13Z,lag-1789028470,2765,171,290
2026-09-10T08:26:13Z,lag-1789028771,2521,129,200
2026-09-10T08:31:14Z,lag-1789029071,2341,164,203
2026-09-10T08:36:18Z,lag-1789029375,2485,151,190
2026-09-10T08:41:26Z,lag-1789029682,2995,143,336
2026-09-10T08:46:25Z,lag-1789029982,2473,166,228
2026-09-10T08:51:25Z,lag-1789030282,2289,95,123
2026-09-10T08:56:29Z,lag-1789030586,2603,170,265
2026-09-10T09:01:39Z,lag-1789030896,2645,163,286
2026-09-10T09:06:35Z,lag-1789031192,2168,55,113
2026-09-10T09:11:38Z,lag-1789031495,2609,125,255
2026-09-10T09:16:39Z,lag-1789031796,2116,57,102
2026-09-10T09:21:42Z,lag-1789032099,2498,133,207
2026-09-10T09:26:45Z,lag-1789032402,2325,133,155
2026-09-10T09:31:49Z,lag-1789032707,2189,93,122
2026-09-10T09:36:59Z,lag-1789033016,2869,142,324
2026-09-10T09:41:56Z,lag-1789033313,2742,158,279
2026-09-10T09:46:59Z,lag-1789033617,2309,116,103
2026-09-10T09:51:58Z,lag-1789033916,2139,66,117
2026-09-10T09:57:00Z,lag-1789034218,2086,134,118
2026-09-10T10:02:09Z,lag-1789034526,2712,158,297
2026-09-10T10:07:12Z,lag-1789034828,3060,140,311
2026-09-10T10:12:14Z,lag-1789035131,2639,183,254
2026-09-10T10:17:18Z,lag-1789035435,2557,159,219
2026-09-10T10:22:15Z,lag-1789035733,2345,77,125
2026-09-10T10:27:19Z,lag-1789036037,2184,52,122
2026-09-10T10:32:21Z,lag-1789036339,2229,72,110
2026-09-10T10:37:25Z,lag-1789036642,2330,108,164
2026-09-10T10:42:29Z,lag-1789036946,2268,98,158
2026-09-10T10:47:30Z,lag-1789037247,2458,183,190
2026-09-10T10:52:40Z,lag-1789037557,2443,166,199
2026-09-10T10:57:42Z,lag-1789037859,2472,163,210
2026-09-10T11:01:26Z,lag-1789038083,2124,66,93
2026-09-10T11:02:37Z,lag-1789038155,2118,70,103
2026-09-10T11:07:46Z,lag-1789038463,3064,135,331
2026-09-10T11:12:48Z,lag-1789038765,2810,158,303
2026-09-10T11:17:45Z,lag-1789039062,2203,77,125
2026-09-10T11:22:53Z,lag-1789039370,2842,192,346
2026-09-10T11:27:56Z,lag-1789039673,2715,125,311
2026-09-10T11:33:00Z,lag-1789039977,2214,130,115
2026-09-10T11:38:04Z,lag-1789040280,3253,159,571
2026-09-10T11:43:00Z,lag-1789040577,2316,98,156
2026-09-10T11:48:02Z,lag-1789040880,2190,56,114
2026-09-10T11:53:04Z,lag-1789041182,2237,97,120
2026-09-10T11:58:13Z,lag-1789041490,2819,141,325
2026-09-10T12:03:13Z,lag-1789041790,2759,169,282
2026-09-10T12:08:14Z,lag-1789042091,2615,141,230
2026-09-10T12:13:16Z,lag-1789042394,2200,96,119
2026-09-10T12:18:19Z,lag-1789042697,2154,137,138
2026-09-10T12:23:28Z,lag-1789043004,2966,146,317
2026-09-10T12:28:29Z,lag-1789043306,2741,155,273
2026-09-10T12:33:33Z,lag-1789043610,2676,199,242
2026-09-10T12:38:37Z,lag-1789043914,2709,150,310
2026-09-10T12:43:39Z,lag-1789044216,2867,199,323
2026-09-10T12:48:44Z,lag-1789044521,2875,148,315
2026-09-10T12:53:45Z,lag-1789044822,2810,208,341
2026-09-10T12:58:45Z,lag-1789045122,2078,68,123
2026-09-10T13:03:52Z,lag-1789045429,2894,180,440
2026-09-10T13:09:00Z,lag-1789045737,2632,172,249
2026-09-10T13:13:54Z,lag-1789046032,2496,144,197
2026-09-10T13:19:02Z,lag-1789046339,2893,149,312
2026-09-10T13:23:59Z,lag-1789046637,2370,81,171
2026-09-10T13:29:00Z,lag-1789046938,2156,146,101
2026-09-10T13:34:05Z,lag-1789047242,2527,114,207
2026-09-10T13:39:12Z,lag-1789047549,2770,252,264
2026-09-10T13:44:12Z,lag-1789047848,3414,780,336
2026-09-10T13:49:19Z,lag-1789048156,2874,162,302
2026-09-10T13:54:16Z,lag-1789048454,2163,77,134
2026-09-10T13:59:20Z,lag-1789048758,2434,199,171
2026-09-10T14:04:32Z,lag-1789049070,2553,176,221
2026-09-10T14:09:29Z,lag-1789049366,2697,189,251
2026-09-10T14:14:29Z,lag-1789049666,2381,127,196
2026-09-10T14:19:33Z,lag-1789049971,2151,64,118
2026-09-10T14:24:41Z,lag-1789050278,2681,153,283
2026-09-10T14:29:41Z,lag-1789050578,2669,210,264
2026-09-10T14:34:50Z,lag-1789050887,2655,160,288
2026-09-10T14:39:51Z,lag-1789051187,2794,160,327
2026-09-10T14:44:50Z,lag-1789051487,2739,218,312
2026-09-10T14:49:55Z,lag-1789051793,2658,160,279
2026-09-10T14:54:58Z,lag-1789052095,2805,144,295
2026-09-10T14:57:40Z,lag-1789052257,2628,173,273
2026-09-10T14:59:56Z,lag-1789052394,2262,87,114
2026-09-10T15:04:59Z,lag-1789052697,2117,128,106
2026-09-10T15:10:02Z,lag-1789053000,2049,72,119
2026-09-10T15:15:06Z,lag-1789053303,2091,57,126
2026-09-10T15:20:09Z,lag-1789053607,2366,104,165
2026-09-10T15:25:13Z,lag-1789053911,2193,88,105
2026-09-10T15:30:15Z,lag-1789054212,2369,133,166
2026-09-10T15:35:23Z,lag-1789054520,2830,133,312
2026-09-10T15:40:21Z,lag-1789054819,2526,78,165
2026-09-10T15:45:22Z,lag-1789055120,2101,145,104
2026-09-10T15:50:30Z,lag-1789055427,2642,199,251
2026-09-10T15:55:35Z,lag-1789055732,2889,115,313
2026-09-10T16:00:37Z,lag-1789056034,2438,177,122
2026-09-10T16:05:40Z,lag-1789056337,2796,138,316
2026-09-10T16:10:38Z,lag-1789056636,2174,80,116
2026-09-10T16:15:46Z,lag-1789056943,2804,122,308
2026-09-10T16:20:42Z,lag-1789057240,2101,88,120
2026-09-10T16:25:46Z,lag-1789057544,2142,162,113
2026-09-10T16:30:54Z,lag-1789057851,2853,148,326
2026-09-10T16:35:58Z,lag-1789058155,2774,228,282
2026-09-10T16:40:56Z,lag-1789058453,2335,121,174
2026-09-10T16:46:08Z,lag-1789058765,2763,154,287
2026-09-10T16:51:00Z,lag-1789059058,2054,71,119
2026-09-10T16:56:02Z,lag-1789059360,2166,129,103
2026-09-10T17:01:07Z,lag-1789059664,2142,114,113
2026-09-10T17:06:07Z,lag-1789059965,2322,136,154
2026-09-10T17:11:13Z,lag-1789060270,2454,144,222
2026-09-10T17:16:17Z,lag-1789060574,2601,184,240
2026-09-10T17:21:21Z,lag-1789060878,2734,180,263
2026-09-10T17:26:24Z,lag-1789061181,2801,139,308
2026-09-10T17:31:31Z,lag-1789061488,2655,199,241
2026-09-10T17:36:33Z,lag-1789061790,2825,136,291
2026-09-10T17:41:29Z,lag-1789062087,2376,131,166
2026-09-10T17:46:34Z,lag-1789062391,2729,167,283
2026-09-10T17:51:40Z,lag-1789062696,2816,142,435
2026-09-10T17:56:42Z,lag-1789062999,2757,195,273
2026-09-10T18:01:45Z,lag-1789063302,2755,145,296
2026-09-10T18:06:42Z,lag-1789063599,2501,142,201
2026-09-10T18:11:48Z,lag-1789063905,2732,165,262
2026-09-10T18:16:56Z,lag-1789064213,2783,149,314
2026-09-10T18:19:39Z,lag-1789064377,2387,79,162
2026-09-10T18:21:51Z,lag-1789064509,2244,53,108
2026-09-10T18:26:58Z,lag-1789064815,2908,186,316
2026-09-10T18:31:58Z,lag-1789065115,2214,126,125
2026-09-10T18:37:06Z,lag-1789065423,2694,175,265
2026-09-10T18:42:07Z,lag-1789065724,2901,205,320
2026-09-10T18:47:11Z,lag-1789066028,3105,145,309
2026-09-10T18:52:10Z,lag-1789066327,2562,160,227
2026-09-10T18:57:14Z,lag-1789066631,2474,127,217
2026-09-10T19:02:13Z,lag-1789066930,2101,123,140
2026-09-10T19:07:23Z,lag-1789067240,2717,165,289
2026-09-10T19:12:20Z,lag-1789067537,2555,186,201
2026-09-10T19:17:27Z,lag-1789067844,2919,138,327
2026-09-10T19:22:29Z,lag-1789068145,2957,209,343
2026-09-10T19:27:28Z,lag-1789068445,2172,81,127
2026-09-10T19:32:37Z,lag-1789068753,2880,141,317
2026-09-10T19:37:37Z,lag-1789069054,2723,187,278
2026-09-10T19:42:40Z,lag-1789069357,2385,142,219
2026-09-10T19:47:45Z,lag-1789069663,2244,73,116
2026-09-10T19:52:50Z,lag-1789069967,2741,215,258
2026-09-10T19:57:49Z,lag-1789070266,2376,147,190
2026-09-10T20:02:50Z,lag-1789070568,2253,102,129
2026-09-10T20:07:59Z,lag-1789070876,2718,170,290
2026-09-10T20:12:58Z,lag-1789071175,2464,132,205
2026-09-10T20:18:02Z,lag-1789071479,2633,299,280
2026-09-10T20:23:03Z,lag-1789071780,2723,197,250
2026-09-10T20:28:08Z,lag-1789072085,2866,137,317
2026-09-10T20:33:09Z,lag-1789072386,2737,203,248
2026-09-10T20:38:11Z,lag-1789072688,2622,140,269
2026-09-10T20:43:17Z,lag-1789072994,2803,136,306
2026-09-10T20:48:16Z,lag-1789073294,2225,103,112
2026-09-10T20:53:18Z,lag-1789073595,2374,126,117
2026-09-10T20:58:20Z,lag-1789073897,2293,112,186
2026-09-10T21:01:34Z,lag-1789074092,2160,59,111
2026-09-10T21:03:23Z,lag-1789074201,2127,136,118
2026-09-10T21:08:27Z,lag-1789074504,2720,75,102
2026-09-10T21:13:35Z,lag-1789074812,2495,139,190
2026-09-10T21:18:37Z,lag-1789075114,2798,167,271
2026-09-10T21:23:37Z,lag-1789075415,2265,74,102
2026-09-10T21:28:42Z,lag-1789075719,2361,157,168
2026-09-10T21:33:45Z,lag-1789076022,2284,109,167
2026-09-10T21:38:48Z,lag-1789076325,2394,135,169
2026-09-10T21:43:53Z,lag-1789076630,2713,213,295
2026-09-10T21:48:56Z,lag-1789076934,2594,164,279
2026-09-10T21:53:54Z,lag-1789077231,2164,112,113
2026-09-10T21:58:57Z,lag-1789077535,2101,56,103
2026-09-10T22:03:58Z,lag-1789077836,2232,83,125
2026-09-10T22:09:01Z,lag-1789078138,2677,127,184
2026-09-10T22:14:04Z,lag-1789078442,2341,158,158
2026-09-10T22:19:06Z,lag-1789078744,2078,76,112
2026-09-10T22:24:14Z,lag-1789079051,2940,117,297
2026-09-10T22:29:13Z,lag-1789079351,2423,152,222
2026-09-10T22:34:15Z,lag-1789079653,2049,191,112
2026-09-10T22:39:22Z,lag-1789079959,2724,151,280
2026-09-10T22:44:22Z,lag-1789080260,2332,116,157
2026-09-10T22:49:28Z,lag-1789080565,2741,192,326
2026-09-10T22:55:07Z,lag-1789080904,2642,183,256
2026-09-10T22:59:29Z,lag-1789081167,2051,124,105
2026-09-10T23:04:33Z,lag-1789081471,2652,147,277
2026-09-10T23:06:59Z,lag-1789081616,2136,136,115
2026-09-10T23:09:33Z,lag-1789081771,2077,125,115
2026-09-10T23:14:37Z,lag-1789082074,2247,79,107
2026-09-10T23:19:42Z,lag-1789082379,2244,111,151
2026-09-10T23:25:19Z,lag-1789082716,2342,75,106
2026-09-10T23:29:50Z,lag-1789082987,2719,129,315
2026-09-10T23:34:53Z,lag-1789083290,2695,176,283
2026-09-10T23:39:50Z,lag-1789083588,2063,233,101
2026-09-10T23:44:53Z,lag-1789083891,2560,99,129
2026-09-10T23:49:56Z,lag-1789084193,2120,139,125
2026-09-10T23:55:01Z,lag-1789084498,2651,163,379
2026-09-11T00:00:01Z,lag-1789084799,2234,287,585
2026-09-11T00:05:06Z,lag-1789085103,2559,126,257
2026-09-11T00:10:12Z,lag-1789085409,2738,196,240
2026-09-11T00:15:11Z,lag-1789085708,2064,127,109
2026-09-11T00:20:16Z,lag-1789086013,2643,154,291
2026-09-11T00:25:19Z,lag-1789086316,2820,201,278
2026-09-11T00:30:20Z,lag-1789086617,2445,152,195
2026-09-11T00:35:27Z,lag-1789086924,2735,172,274
2026-09-11T00:40:27Z,lag-1789087224,2733,181,293
2026-09-11T00:45:32Z,lag-1789087529,2779,148,323
2026-09-11T00:50:32Z,lag-1789087829,2510,151,195
2026-09-11T00:55:32Z,lag-1789088130,2106,85,116
2026-09-11T01:00:40Z,lag-1789088437,3014,208,546
2026-09-11T01:05:42Z,lag-1789088738,2926,218,333
2026-09-11T01:10:45Z,lag-1789089042,2810,150,324
2026-09-11T01:15:42Z,lag-1789089340,2165,91,118
2026-09-11T01:20:51Z,lag-1789089648,2934,151,306
2026-09-11T01:25:48Z,lag-1789089946,2159,72,125
2026-09-11T01:30:51Z,lag-1789090249,2206,96,115
2026-09-11T01:36:00Z,lag-1789090557,2725,165,290
2026-09-11T01:41:00Z,lag-1789090857,2542,214,205
2026-09-11T01:45:57Z,lag-1789091154,2104,83,107
2026-09-11T01:51:03Z,lag-1789091461,2287,90,162
2026-09-11T01:56:09Z,lag-1789091766,2688,198,252
2026-09-11T02:01:07Z,lag-1789092065,2186,63,131
2026-09-11T02:06:09Z,lag-1789092367,2273,148,169
2026-09-11T02:11:11Z,lag-1789092669,2397,102,156
2026-09-11T02:16:13Z,lag-1789092971,2177,103,125
2026-09-11T02:21:19Z,lag-1789093276,2630,193,288
2026-09-11T02:26:25Z,lag-1789093581,2842,157,301
2026-09-11T02:31:22Z,lag-1789093880,2406,84,126
2026-09-11T02:36:25Z,lag-1789094183,2176,95,127
2026-09-11T02:41:33Z,lag-1789094490,2639,177,286
2026-09-11T02:46:30Z,lag-1789094788,2150,125,112
2026-09-11T02:51:38Z,lag-1789095095,2779,136,324
2026-09-11T02:56:36Z,lag-1789095393,2159,85,123
2026-09-11T03:01:39Z,lag-1789095697,2529,152,213
2026-09-11T03:06:41Z,lag-1789095999,2176,131,109
2026-09-11T03:11:46Z,lag-1789096303,2227,98,124
2026-09-11T03:16:54Z,lag-1789096611,2790,137,309
2026-09-11T03:21:51Z,lag-1789096909,2194,94,105
2026-09-11T03:26:54Z,lag-1789097212,2086,123,112
2026-09-11T03:32:06Z,lag-1789097522,3137,222,312
2026-09-11T03:37:01Z,lag-1789097818,2428,199,204
2026-09-11T03:42:03Z,lag-1789098121,2287,80,151
2026-09-11T03:47:11Z,lag-1789098428,2754,129,368
2026-09-11T03:52:07Z,lag-1789098725,2180,104,122
2026-09-11T03:57:16Z,lag-1789099033,2651,159,262
2026-09-11T04:02:22Z,lag-1789099339,2704,146,287
2026-09-11T04:07:20Z,lag-1789099637,2865,138,327
2026-09-11T04:12:23Z,lag-1789099940,2757,169,309
2026-09-11T04:17:23Z,lag-1789100240,2697,182,250
2026-09-11T04:22:29Z,lag-1789100546,2763,370,336
2026-09-11T04:27:26Z,lag-1789100844,2087,67,124
2026-09-11T04:32:30Z,lag-1789101147,2421,91,118
2026-09-11T04:37:38Z,lag-1789101455,2672,183,275
2026-09-11T04:42:34Z,lag-1789101751,2492,193,210
2026-09-11T04:47:39Z,lag-1789102056,2360,156,203
2026-09-11T04:52:41Z,lag-1789102359,2422,149,188
2026-09-11T04:57:43Z,lag-1789102661,2205,143,122
2026-09-11T05:02:50Z,lag-1789102967,2691,165,279
2026-09-11T05:07:48Z,lag-1789103266,2063,72,114
2026-09-11T05:12:51Z,lag-1789103569,2192,108,151
2026-09-11T05:17:59Z,lag-1789103876,2670,172,289
2026-09-11T05:22:56Z,lag-1789104174,2121,201,105
2026-09-11T05:28:00Z,lag-1789104477,2376,95,195
2026-09-11T05:33:02Z,lag-1789104780,2074,117,100
2026-09-11T05:38:04Z,lag-1789105081,2435,81,101
2026-09-11T05:43:09Z,lag-1789105386,2742,166,272
2026-09-11T05:48:15Z,lag-1789105692,2742,119,300
2026-09-11T05:53:18Z,lag-1789105995,2771,146,297
2026-09-11T05:57:39Z,lag-1789106255,3275,139,307
2026-09-11T05:58:18Z,lag-1789106295,2467,140,200
2026-09-11T06:03:18Z,lag-1789106596,2211,119,121
2026-09-11T06:08:21Z,lag-1789106898,2235,81,113
2026-09-11T06:13:29Z,lag-1789107206,2642,183,236
2026-09-11T06:18:27Z,lag-1789107505,2334,129,160
2026-09-11T06:23:34Z,lag-1789107811,3040,143,312
2026-09-11T06:28:38Z,lag-1789108115,2491,119,204
2026-09-11T06:33:38Z,lag-1789108415,2948,173,282
2026-09-11T06:38:42Z,lag-1789108719,2661,173,277
2026-09-11T06:43:39Z,lag-1789109017,2210,95,118
2026-09-11T06:48:44Z,lag-1789109321,2664,174,282
2026-09-11T06:53:48Z,lag-1789109626,2465,123,199
2026-09-11T06:58:51Z,lag-1789109928,2667,167,280
2026-09-11T07:03:57Z,lag-1789110234,2817,123,295
2026-09-11T07:09:44Z,lag-1789110581,2623,184,266
2026-09-11T07:14:54Z,lag-1789110890,2776,149,300
2026-09-11T07:19:48Z,lag-1789111184,2777,177,271
2026-09-11T07:24:52Z,lag-1789111489,2711,166,287
2026-09-11T07:29:53Z,lag-1789111791,2094,119,123
2026-09-11T07:34:55Z,lag-1789112092,2765,173,270
2026-09-11T07:40:01Z,lag-1789112398,2912,207,348
2026-09-11T07:45:04Z,lag-1789112701,2713,172,291
2026-09-11T07:50:07Z,lag-1789113004,2781,154,350
2026-09-11T07:55:11Z,lag-1789113307,2789,147,330
2026-09-11T08:00:12Z,lag-1789113608,3209,210,361
2026-09-11T08:05:10Z,lag-1789113908,2061,124,107
2026-09-11T08:10:18Z,lag-1789114215,2774,179,306
2026-09-11T08:15:20Z,lag-1789114517,2739,160,281
2026-09-11T08:20:19Z,lag-1789114816,2373,144,204
2026-09-11T08:25:26Z,lag-1789115123,2759,140,309
2026-09-11T08:30:27Z,lag-1789115424,2669,165,276
2026-09-11T08:35:29Z,lag-1789115726,2373,131,159
2026-09-11T08:40:30Z,lag-1789116027,2216,121,113
2026-09-11T08:45:35Z,lag-1789116333,2537,128,200
2026-09-11T08:50:36Z,lag-1789116633,2057,74,112
2026-09-11T08:55:40Z,lag-1789116938,2118,91,108
2026-09-11T09:00:43Z,lag-1789117241,2303,97,148
2026-09-11T09:05:44Z,lag-1789117542,2219,121,109
2026-09-11T09:10:48Z,lag-1789117845,2128,118,102
2026-09-11T09:15:58Z,lag-1789118155,2875,159,278
2026-09-11T09:20:52Z,lag-1789118450,2086,151,109
2026-09-11T09:26:01Z,lag-1789118758,2637,265,245
2026-09-11T09:31:20Z,lag-1789119077,2136,90,108
2026-09-11T09:36:03Z,lag-1789119360,2247,127,148
2026-09-11T09:41:10Z,lag-1789119667,2838,203,305
2026-09-11T09:46:08Z,lag-1789119965,2683,161,281
2026-09-11T09:51:10Z,lag-1789120268,1981,72,121
2026-09-11T09:56:13Z,lag-1789120570,2060,87,102
2026-09-11T10:01:17Z,lag-1789120874,2838,177,309
2026-09-11T10:06:19Z,lag-1789121176,2393,112,155
2026-09-11T10:11:18Z,lag-1789121476,2119,57,125
2026-09-11T10:16:23Z,lag-1789121781,2071,59,102
2026-09-11T10:21:27Z,lag-1789122084,2526,136,108
2026-09-11T10:26:28Z,lag-1789122385,2483,145,209
2026-09-11T10:31:32Z,lag-1789122690,2446,141,209
2026-09-11T10:36:39Z,lag-1789122996,2644,156,267
2026-09-11T10:41:41Z,lag-1789123298,2643,153,291
2026-09-11T10:46:40Z,lag-1789123597,2824,225,337
2026-09-11T10:51:45Z,lag-1789123902,2666,159,238
2026-09-11T10:56:45Z,lag-1789124202,2206,122,111
2026-09-11T11:01:53Z,lag-1789124510,2624,164,267
2026-09-11T11:06:59Z,lag-1789124816,2776,166,276
2026-09-11T11:08:33Z,lag-1789124911,2149,59,108
2026-09-11T11:11:54Z,lag-1789125112,2479,144,215
2026-09-11T11:16:56Z,lag-1789125414,2190,61,107
2026-09-11T11:21:56Z,lag-1789125714,2142,80,112
2026-09-11T11:27:01Z,lag-1789126018,2158,129,117
2026-09-11T11:32:05Z,lag-1789126323,2145,123,111
2026-09-11T11:37:09Z,lag-1789126626,2637,256,270
2026-09-11T11:42:10Z,lag-1789126928,2216,64,104
2026-09-11T11:47:15Z,lag-1789127232,2644,153,271
2026-09-11T11:52:17Z,lag-1789127535,2457,148,195
2026-09-11T11:57:20Z,lag-1789127837,2117,127,104
2026-09-11T12:02:28Z,lag-1789128144,2776,150,330
2026-09-11T12:07:24Z,lag-1789128441,2311,122,186
2026-09-11T12:12:32Z,lag-1789128749,2737,156,249
2026-09-11T12:17:37Z,lag-1789129054,2727,154,272
2026-09-11T12:22:37Z,lag-1789129354,2656,160,269
2026-09-11T12:27:38Z,lag-1789129655,2373,104,163
2026-09-11T12:32:45Z,lag-1789129962,2628,157,239
2026-09-11T12:37:45Z,lag-1789130262,2522,160,204
2026-09-11T12:42:45Z,lag-1789130563,2084,157,122
2026-09-11T12:47:47Z,lag-1789130865,2164,120,121
2026-09-11T12:52:53Z,lag-1789131170,2326,92,168
2026-09-11T12:58:11Z,lag-1789131488,2839,131,304
2026-09-11T13:02:58Z,lag-1789131776,2166,150,118
2026-09-11T13:08:05Z,lag-1789132082,2782,137,322
2026-09-11T13:13:05Z,lag-1789132382,2579,165,283
2026-09-11T13:18:12Z,lag-1789132688,2799,155,250
2026-09-11T13:23:10Z,lag-1789132988,2156,77,112
2026-09-11T13:28:15Z,lag-1789133291,3195,155,106
2026-09-11T13:33:16Z,lag-1789133593,2377,121,181
2026-09-11T13:38:20Z,lag-1789133897,2604,177,277
2026-09-11T13:43:22Z,lag-1789134199,2601,167,289
2026-09-11T13:48:34Z,lag-1789134511,2720,196,265
2026-09-11T13:53:28Z,lag-1789134805,2711,171,279
2026-09-11T13:58:32Z,lag-1789135109,2641,165,279
2026-09-11T14:03:42Z,lag-1789135418,2805,215,447
2026-09-11T14:08:35Z,lag-1789135713,2492,237,191
2026-09-11T14:13:44Z,lag-1789136020,2843,127,313
2026-09-11T14:18:46Z,lag-1789136323,2823,184,516
2026-09-11T14:23:54Z,lag-1789136631,2730,194,244
2026-09-11T14:28:51Z,lag-1789136928,2587,214,235
2026-09-11T14:34:02Z,lag-1789137239,2811,166,258
2026-09-11T14:38:53Z,lag-1789137531,2103,126,125
2026-09-11T14:44:02Z,lag-1789137839,2794,123,306
2026-09-11T14:49:03Z,lag-1789138140,2670,191,249
2026-09-11T14:54:06Z,lag-1789138443,2738,158,281
2026-09-11T14:59:08Z,lag-1789138745,2650,167,269
2026-09-11T15:02:37Z,lag-1789138955,2157,52,112
2026-09-11T15:04:08Z,lag-1789139046,2141,69,128
2026-09-11T15:09:18Z,lag-1789139355,2694,160,278
2026-09-11T15:14:14Z,lag-1789139651,2675,168,336
2026-09-11T15:19:15Z,lag-1789139953,2193,266,118
2026-09-11T15:24:24Z,lag-1789140261,2896,186,307
2026-09-11T15:29:26Z,lag-1789140563,2724,161,264
2026-09-11T15:34:29Z,lag-1789140866,2388,82,191
2026-09-11T15:39:29Z,lag-1789141166,2573,81,123
2026-09-11T15:44:32Z,lag-1789141469,2422,134,105
2026-09-11T15:49:33Z,lag-1789141771,2144,69,104
2026-09-11T15:54:37Z,lag-1789142075,2293,140,131
2026-09-11T15:59:45Z,lag-1789142381,2757,132,298
2026-09-11T16:04:45Z,lag-1789142682,2488,114,237
2026-09-11T16:09:45Z,lag-1789142983,2175,82,116
2026-09-11T16:14:50Z,lag-1789143286,2845,184,320
2026-09-11T16:20:11Z,lag-1789143609,2301,83,106
2026-09-11T16:24:55Z,lag-1789143893,2191,70,124
2026-09-11T16:30:02Z,lag-1789144199,2890,208,315
2026-09-11T16:35:01Z,lag-1789144499,2276,67,145
2026-09-11T16:40:08Z,lag-1789144805,2791,141,313
2026-09-11T16:45:12Z,lag-1789145108,2748,156,289
2026-09-11T16:50:13Z,lag-1789145410,2723,136,263
2026-09-11T16:55:18Z,lag-1789145715,2624,173,289
2026-09-11T17:00:16Z,lag-1789146013,2805,157,287
2026-09-11T17:05:19Z,lag-1789146316,2469,151,220
2026-09-11T17:10:27Z,lag-1789146625,2503,167,194
2026-09-11T17:15:25Z,lag-1789146922,2393,88,178
2026-09-11T17:20:40Z,lag-1789147237,2877,180,306
2026-09-11T17:25:32Z,lag-1789147529,2608,166,207
2026-09-11T17:30:49Z,lag-1789147846,2744,155,203
2026-09-11T17:35:37Z,lag-1789148135,2167,75,99
2026-09-11T17:40:38Z,lag-1789148436,2306,87,130
2026-09-11T17:45:46Z,lag-1789148744,2630,189,264
2026-09-11T17:50:49Z,lag-1789149046,2810,193,253
2026-09-11T17:55:49Z,lag-1789149347,2401,142,219
2026-09-11T18:00:51Z,lag-1789149649,2140,144,146
2026-09-11T18:06:03Z,lag-1789149960,2858,146,312
2026-09-11T18:11:02Z,lag-1789150259,2829,122,315
2026-09-11T18:16:07Z,lag-1789150564,2477,124,198
2026-09-11T18:21:10Z,lag-1789150868,2499,165,193
2026-09-11T18:26:05Z,lag-1789151163,2326,122,166
2026-09-11T18:27:01Z,lag-1789151218,2249,77,100
2026-09-11T18:31:07Z,lag-1789151464,2486,142,218
2026-09-11T18:36:11Z,lag-1789151769,2347,102,161
2026-09-11T18:41:14Z,lag-1789152071,2435,162,199
2026-09-11T18:46:17Z,lag-1789152375,2106,58,106
2026-09-11T18:51:21Z,lag-1789152678,2705,164,272
2026-09-11T18:56:22Z,lag-1789152979,2336,84,113
2026-09-11T19:01:30Z,lag-1789153287,2879,142,314
2026-09-11T19:06:30Z,lag-1789153587,2661,214,265
2026-09-11T19:11:30Z,lag-1789153888,2101,89,113
2026-09-11T19:16:36Z,lag-1789154193,2471,142,201
2026-09-11T19:21:41Z,lag-1789154498,2743,194,251
2026-09-11T19:26:43Z,lag-1789154800,2691,159,290
2026-09-11T19:31:42Z,lag-1789155100,2530,164,217
2026-09-11T19:36:44Z,lag-1789155401,2198,87,122
2026-09-11T19:41:48Z,lag-1789155705,2325,103,155
2026-09-11T19:46:48Z,lag-1789156006,2142,108,115
2026-09-11T19:51:59Z,lag-1789156316,2789,156,293
2026-09-11T19:56:59Z,lag-1789156616,2778,138,299
2026-09-11T20:01:59Z,lag-1789156916,2644,212,282
2026-09-11T20:07:04Z,lag-1789157221,2780,161,273
2026-09-11T20:12:03Z,lag-1789157521,2229,127,132
2026-09-11T20:17:06Z,lag-1789157824,2545,125,208
2026-09-11T20:22:16Z,lag-1789158133,2321,110,167
2026-09-11T20:27:10Z,lag-1789158428,2090,97,103
2026-09-11T20:32:14Z,lag-1789158732,2111,126,99
2026-09-11T20:37:15Z,lag-1789159032,2367,89,125
2026-09-11T20:42:19Z,lag-1789159336,2324,85,156
2026-09-11T20:47:24Z,lag-1789159641,2171,85,100
2026-09-11T20:52:30Z,lag-1789159947,2889,209,331
2026-09-11T20:57:28Z,lag-1789160246,2084,75,116
2026-09-11T21:02:35Z,lag-1789160552,2775,144,300
2026-09-11T21:07:46Z,lag-1789160863,2540,136,184
2026-09-11T21:12:41Z,lag-1789161158,2608,192,241
2026-09-11T21:17:48Z,lag-1789161464,2737,131,300
2026-09-11T21:22:43Z,lag-1789161761,2498,152,232
2026-09-11T21:27:50Z,lag-1789162067,2744,126,307
2026-09-11T21:32:48Z,lag-1789162366,2414,142,205
2026-09-11T21:37:56Z,lag-1789162673,2648,163,253
2026-09-11T21:42:52Z,lag-1789162970,2115,64,97
2026-09-11T21:47:54Z,lag-1789163272,2285,76,169
2026-09-11T21:52:57Z,lag-1789163574,2359,177,189
2026-09-11T21:58:00Z,lag-1789163878,2069,70,96
2026-09-11T22:03:08Z,lag-1789164185,2768,197,323
2026-09-11T22:08:10Z,lag-1789164487,2662,161,266
2026-09-11T22:13:11Z,lag-1789164788,2291,91,169
2026-09-11T22:18:16Z,lag-1789165093,2908,182,307
2026-09-11T22:23:15Z,lag-1789165392,2333,114,161
2026-09-11T22:28:20Z,lag-1789165698,2656,158,289
2026-09-11T22:33:28Z,lag-1789166005,2734,129,304
2026-09-11T22:38:22Z,lag-1789166300,2107,54,108
2026-09-11T22:43:23Z,lag-1789166600,2068,58,146
2026-09-11T22:48:28Z,lag-1789166906,2081,135,119
2026-09-11T22:53:31Z,lag-1789167209,2107,77,112
2026-09-11T22:58:37Z,lag-1789167514,2520,199,234
2026-09-11T23:03:35Z,lag-1789167813,2106,136,102
2026-09-11T23:08:45Z,lag-1789168122,2809,136,320
2026-09-11T23:13:40Z,lag-1789168417,2390,157,201
2026-09-11T23:18:45Z,lag-1789168722,2691,148,293
2026-09-11T23:20:48Z,lag-1789168845,2717,187,272
2026-09-11T23:23:48Z,lag-1789169025,2625,165,252
2026-09-11T23:28:52Z,lag-1789169329,2781,149,426
2026-09-11T23:33:50Z,lag-1789169628,2146,83,121
2026-09-11T23:38:54Z,lag-1789169932,2140,66,112
2026-09-11T23:43:57Z,lag-1789170235,2185,134,98
2026-09-11T23:48:58Z,lag-1789170536,2095,94,132
2026-09-11T23:54:04Z,lag-1789170841,2583,177,267
2026-09-11T23:59:04Z,lag-1789171142,2067,80,113
2026-09-12T00:04:13Z,lag-1789171450,2698,207,248
2026-09-12T00:09:11Z,lag-1789171749,2425,159,198
2026-09-12T00:14:16Z,lag-1789172053,2746,151,313
2026-09-12T00:19:16Z,lag-1789172353,2352,74,108
2026-09-12T00:24:17Z,lag-1789172655,2186,91,126
2026-09-12T00:29:22Z,lag-1789172960,2439,160,216
2026-09-12T00:34:25Z,lag-1789173262,2118,67,114
2026-09-12T00:39:25Z,lag-1789173562,2187,76,162
2026-09-12T00:44:33Z,lag-1789173870,2544,167,242
2026-09-12T00:49:34Z,lag-1789174171,2621,188,309
2026-09-12T00:54:37Z,lag-1789174474,2635,178,273
2026-09-12T00:59:36Z,lag-1789174774,2157,93,129
2026-09-12T01:04:44Z,lag-1789175081,2768,186,316
2026-09-12T01:09:41Z,lag-1789175379,2151,100,119
2026-09-12T01:14:43Z,lag-1789175681,2217,107,150
2026-09-12T01:19:56Z,lag-1789175993,2798,119,296
2026-09-12T01:24:55Z,lag-1789176292,2756,160,308
2026-09-12T01:29:53Z,lag-1789176591,2292,111,114
2026-09-12T01:34:56Z,lag-1789176894,2288,87,177
2026-09-12T01:40:02Z,lag-1789177199,2694,163,269
2026-09-12T01:45:11Z,lag-1789177509,2645,177,235
2026-09-12T01:50:08Z,lag-1789177805,2389,146,186
2026-09-12T01:55:07Z,lag-1789178104,2391,163,182
2026-09-12T02:00:13Z,lag-1789178410,2725,203,252
2026-09-12T02:05:14Z,lag-1789178711,2326,144,154
2026-09-12T02:10:16Z,lag-1789179013,2807,206,362
2026-09-12T02:15:25Z,lag-1789179322,2553,200,235
2026-09-12T02:20:22Z,lag-1789179620,2101,116,109
2026-09-12T02:25:27Z,lag-1789179924,2759,141,319
2026-09-12T02:30:25Z,lag-1789180223,2479,167,211
2026-09-12T02:35:35Z,lag-1789180532,2741,171,351
2026-09-12T02:40:31Z,lag-1789180829,2095,129,100
2026-09-12T02:45:35Z,lag-1789181133,2268,100,149
2026-09-12T02:50:38Z,lag-1789181435,2641,161,267
2026-09-12T02:55:39Z,lag-1789181737,2051,56,109
2026-09-12T03:00:43Z,lag-1789182040,2360,127,179
2026-09-12T03:05:45Z,lag-1789182343,2119,79,121
2026-09-12T03:10:46Z,lag-1789182644,2188,124,130
2026-09-12T03:15:56Z,lag-1789182953,2804,132,364
2026-09-12T03:20:53Z,lag-1789183250,2190,61,115
2026-09-12T03:25:57Z,lag-1789183555,2297,133,154
2026-09-12T03:30:56Z,lag-1789183854,2180,77,123
2026-09-12T03:35:59Z,lag-1789184157,2253,118,115
2026-09-12T03:41:07Z,lag-1789184464,2848,201,321
2026-09-12T03:46:09Z,lag-1789184766,2808,116,297
2026-09-12T03:51:07Z,lag-1789185064,2715,206,308
2026-09-12T03:56:14Z,lag-1789185371,2354,158,178
2026-09-12T04:01:15Z,lag-1789185672,2720,144,421
2026-09-12T04:06:20Z,lag-1789185976,2823,124,314
2026-09-12T04:11:18Z,lag-1789186276,2193,77,135
2026-09-12T04:16:25Z,lag-1789186582,2741,142,310
2026-09-12T04:21:24Z,lag-1789186882,2341,78,225
2026-09-12T04:26:31Z,lag-1789187188,2772,139,361
2026-09-12T04:31:28Z,lag-1789187486,2607,173,277
2026-09-12T04:36:32Z,lag-1789187789,2336,153,206
2026-09-12T04:41:33Z,lag-1789188090,2417,131,109
2026-09-12T04:46:36Z,lag-1789188394,2108,51,108
2026-09-12T04:51:46Z,lag-1789188703,2597,192,244
2026-09-12T04:56:43Z,lag-1789189001,2418,150,198
2026-09-12T05:01:47Z,lag-1789189304,2728,170,268
2026-09-12T05:06:53Z,lag-1789189610,2785,139,293
2026-09-12T05:11:54Z,lag-1789189911,2772,137,327
2026-09-12T05:16:52Z,lag-1789190210,2225,120,107
2026-09-12T05:21:58Z,lag-1789190516,2139,191,111
2026-09-12T05:26:57Z,lag-1789190815,2042,129,110
2026-09-12T05:32:00Z,lag-1789191118,2130,100,114
2026-09-12T05:37:05Z,lag-1789191422,2659,183,346
2026-09-12T05:42:09Z,lag-1789191726,2566,165,268
2026-09-12T05:47:12Z,lag-1789192029,2584,173,242
2026-09-12T05:52:10Z,lag-1789192328,2395,124,190
2026-09-12T05:57:18Z,lag-1789192635,2808,151,302
2026-09-12T06:02:15Z,lag-1789192933,2169,96,134
2026-09-12T06:05:23Z,lag-1789193121,2184,52,112
2026-09-12T06:07:20Z,lag-1789193237,2632,161,274
2026-09-12T06:12:21Z,lag-1789193538,2143,130,113
2026-09-12T06:17:28Z,lag-1789193845,2685,141,301
2026-09-12T06:22:33Z,lag-1789194150,2806,123,321
2026-09-12T06:27:29Z,lag-1789194447,2529,137,183
2026-09-12T06:32:32Z,lag-1789194749,2131,85,123
2026-09-12T06:37:41Z,lag-1789195058,2719,123,294
2026-09-12T06:42:39Z,lag-1789195356,2456,143,198
2026-09-12T06:47:47Z,lag-1789195664,2747,165,278
2026-09-12T06:52:48Z,lag-1789195965,2676,191,240
2026-09-12T06:57:48Z,lag-1789196265,2605,164,294
2026-09-12T07:02:51Z,lag-1789196568,2483,129,202
2026-09-12T07:07:54Z,lag-1789196871,2661,162,265
2026-09-12T07:12:53Z,lag-1789197170,2284,125,127
2026-09-12T07:17:57Z,lag-1789197474,2156,64,113
2026-09-12T07:23:03Z,lag-1789197780,2811,123,310
2026-09-12T07:28:00Z,lag-1789198078,2111,67,115
2026-09-12T07:33:12Z,lag-1789198389,2385,122,185
2026-09-12T07:38:05Z,lag-1789198683,2082,126,118
2026-09-12T07:43:14Z,lag-1789198991,2459,156,200
2026-09-12T07:48:15Z,lag-1789199292,2664,199,242
2026-09-12T07:53:15Z,lag-1789199592,2672,162,350
2026-09-12T07:58:16Z,lag-1789199894,2026,83,102
2026-09-12T08:03:21Z,lag-1789200199,2123,126,101
2026-09-12T08:08:24Z,lag-1789200501,2620,193,234
2026-09-12T08:13:24Z,lag-1789200802,2070,71,101
2026-09-12T08:18:29Z,lag-1789201106,2654,173,273
2026-09-12T08:23:36Z,lag-1789201413,2901,121,310
2026-09-12T08:28:34Z,lag-1789201711,2264,77,166
2026-09-12T08:33:35Z,lag-1789202013,2091,135,130
2026-09-12T08:38:43Z,lag-1789202320,2297,156,242
2026-09-12T08:43:45Z,lag-1789202622,2721,128,304
2026-09-12T08:48:42Z,lag-1789202920,2136,126,113
2026-09-12T08:53:48Z,lag-1789203225,2714,154,288
2026-09-12T08:58:55Z,lag-1789203532,2766,144,307
2026-09-12T09:03:58Z,lag-1789203835,2795,127,297
2026-09-12T09:08:59Z,lag-1789204136,2823,188,315
2026-09-12T09:13:59Z,lag-1789204436,2620,165,286
2026-09-12T09:19:01Z,lag-1789204739,2511,173,257
2026-09-12T09:24:03Z,lag-1789205041,2071,79,101
2026-09-12T09:29:07Z,lag-1789205344,2618,177,279
2026-09-12T09:34:11Z,lag-1789205648,2714,150,320
2026-09-12T09:39:14Z,lag-1789205951,2329,162,197
2026-09-12T09:44:15Z,lag-1789206252,2619,215,256
2026-09-12T09:49:21Z,lag-1789206558,2763,188,323
2026-09-12T09:54:17Z,lag-1789206855,2182,102,149
2026-09-12T09:59:22Z,lag-1789207160,2423,154,198
2026-09-12T10:04:29Z,lag-1789207466,2780,135,302
2026-09-12T10:09:32Z,lag-1789207769,2652,169,284
2026-09-12T10:14:33Z,lag-1789208070,2550,187,253
2026-09-12T10:19:35Z,lag-1789208372,2598,167,285
2026-09-12T10:24:34Z,lag-1789208672,2059,75,107
2026-09-12T10:29:41Z,lag-1789208978,2743,129,301
2026-09-12T10:34:39Z,lag-1789209276,2103,119,121
2026-09-12T10:39:41Z,lag-1789209578,2436,115,181
2026-09-12T10:42:02Z,lag-1789209720,2311,123,156
2026-09-12T10:44:44Z,lag-1789209882,2037,88,120
2026-09-12T10:49:50Z,lag-1789210187,2762,142,269
2026-09-12T10:54:50Z,lag-1789210488,2143,71,110
2026-09-12T10:59:53Z,lag-1789210791,2103,54,104
2026-09-12T11:04:54Z,lag-1789211091,2414,146,204
2026-09-12T11:10:02Z,lag-1789211399,2616,163,258
2026-09-12T11:15:04Z,lag-1789211701,2382,123,147
2026-09-12T11:20:05Z,lag-1789212003,2410,157,201
2026-09-12T11:25:10Z,lag-1789212307,2800,132,305
2026-09-12T11:30:14Z,lag-1789212611,2278,80,127
2026-09-12T11:35:14Z,lag-1789212911,2705,174,263
2026-09-12T11:40:19Z,lag-1789213216,2881,128,304
2026-09-12T11:45:23Z,lag-1789213520,2766,129,304
2026-09-12T11:50:19Z,lag-1789213816,2440,156,189
2026-09-12T11:55:26Z,lag-1789214123,2837,199,326
2026-09-12T12:00:31Z,lag-1789214428,3014,328,272
2026-09-12T12:05:28Z,lag-1789214725,2636,179,248
2026-09-12T12:10:36Z,lag-1789215033,2853,205,373
2026-09-12T12:15:33Z,lag-1789215330,2261,113,158
2026-09-12T12:20:35Z,lag-1789215633,2240,90,102
2026-09-12T12:25:44Z,lag-1789215940,2832,160,333
2026-09-12T12:30:43Z,lag-1789216241,2178,135,147
2026-09-12T12:35:51Z,lag-1789216548,2711,116,299
2026-09-12T12:40:53Z,lag-1789216850,2729,126,287
2026-09-12T12:45:56Z,lag-1789217153,2598,198,240
2026-09-12T12:50:55Z,lag-1789217452,2686,156,282
2026-09-12T12:55:59Z,lag-1789217756,2651,143,280
2026-09-12T13:00:59Z,lag-1789218056,2392,143,211
2026-09-12T13:06:01Z,lag-1789218359,2462,132,204
2026-09-12T13:11:06Z,lag-1789218664,2623,188,238
2026-09-12T13:16:11Z,lag-1789218968,2886,138,310
2026-09-12T13:21:10Z,lag-1789219268,2553,186,248
2026-09-12T13:26:17Z,lag-1789219573,2933,186,340
2026-09-12T13:31:13Z,lag-1789219870,2422,166,210
2026-09-12T13:36:20Z,lag-1789220177,2695,184,284
2026-09-12T13:41:23Z,lag-1789220480,2701,187,281
2026-09-12T13:46:26Z,lag-1789220783,2696,134,307
2026-09-12T13:47:02Z,lag-1789220819,2407,132,178
2026-09-12T13:51:22Z,lag-1789221080,2087,118,108
2026-09-12T13:56:26Z,lag-1789221384,2088,88,95
2026-09-12T14:01:30Z,lag-1789221687,2282,107,156
2026-09-12T14:06:34Z,lag-1789221991,2736,131,292
2026-09-12T14:11:38Z,lag-1789222295,2870,219,328
2026-09-12T14:16:36Z,lag-1789222594,2351,139,189
2026-09-12T14:21:46Z,lag-1789222903,2621,159,273
2026-09-12T14:26:47Z,lag-1789223204,2827,132,327
2026-09-12T14:31:46Z,lag-1789223503,2296,118,174
2026-09-12T14:36:48Z,lag-1789223805,2058,54,113
2026-09-12T14:41:52Z,lag-1789224109,2110,93,115
2026-09-12T14:46:54Z,lag-1789224411,2400,145,209
2026-09-12T14:52:01Z,lag-1789224717,2913,195,349
2026-09-12T14:57:34Z,lag-1789225052,2133,55,99
2026-09-12T15:02:02Z,lag-1789225320,2122,72,102
2026-09-12T15:07:03Z,lag-1789225621,2073,85,98
2026-09-12T15:12:09Z,lag-1789225926,2857,168,280
2026-09-12T15:17:09Z,lag-1789226226,2126,137,106
2026-09-12T15:22:12Z,lag-1789226529,2464,76,100
2026-09-12T15:27:19Z,lag-1789226835,2865,129,373
2026-09-12T15:32:20Z,lag-1789227137,2639,179,276
2026-09-12T15:37:24Z,lag-1789227441,2823,128,303
2026-09-12T15:42:22Z,lag-1789227740,2052,88,106
2026-09-12T15:47:29Z,lag-1789228046,2867,129,356
2026-09-12T15:52:30Z,lag-1789228348,2617,174,285
2026-09-12T15:58:13Z,lag-1789228690,2839,170,268
2026-09-12T16:02:33Z,lag-1789228950,2530,155,193
2026-09-12T16:07:37Z,lag-1789229255,2486,160,225
2026-09-12T16:12:43Z,lag-1789229560,2777,129,304
2026-09-12T16:17:45Z,lag-1789229862,2641,186,256
2026-09-12T16:22:46Z,lag-1789230164,2548,144,207
2026-09-12T16:27:46Z,lag-1789230463,2397,159,192
2026-09-12T16:32:48Z,lag-1789230766,2384,157,202
2026-09-12T16:34:50Z,lag-1789230888,2384,162,190
2026-09-12T16:37:53Z,lag-1789231071,2407,156,220
2026-09-12T16:42:58Z,lag-1789231376,2581,168,236
2026-09-12T16:48:02Z,lag-1789231679,2739,138,291
2026-09-12T16:53:04Z,lag-1789231981,2740,126,303
2026-09-12T16:58:07Z,lag-1789232284,2645,156,402
2026-09-12T17:03:10Z,lag-1789232587,2841,189,324
2026-09-12T17:08:11Z,lag-1789232889,2619,192,230
2026-09-12T17:13:14Z,lag-1789233191,2774,139,294
2026-09-12T17:18:13Z,lag-1789233491,2040,84,107
2026-09-12T17:23:25Z,lag-1789233802,2266,155,151
2026-09-12T17:28:18Z,lag-1789234095,2269,120,128
2026-09-12T17:33:28Z,lag-1789234405,2693,156,193
2026-09-12T17:38:24Z,lag-1789234702,2198,101,146
2026-09-12T17:43:35Z,lag-1789235012,2616,187,336
2026-09-12T17:48:32Z,lag-1789235309,2601,223,256
2026-09-12T17:53:36Z,lag-1789235613,2729,196,322
2026-09-12T17:58:39Z,lag-1789235916,2620,185,263
2026-09-12T18:03:43Z,lag-1789236220,2791,182,335
2026-09-12T18:08:46Z,lag-1789236523,2648,169,272
2026-09-12T18:13:46Z,lag-1789236823,2366,156,203
2026-09-12T18:18:48Z,lag-1789237125,2533,161,271
2026-09-12T18:23:47Z,lag-1789237424,2481,144,196
2026-09-12T18:28:50Z,lag-1789237728,2491,154,242
2026-09-12T18:33:54Z,lag-1789238031,2292,157,158
2026-09-12T18:38:57Z,lag-1789238334,2582,163,268
2026-09-12T18:44:08Z,lag-1789238645,2765,144,290
2026-09-12T18:45:53Z,lag-1789238750,2547,147,195
2026-09-12T18:49:02Z,lag-1789238939,2587,188,250
2026-09-12T18:54:04Z,lag-1789239242,2175,137,108
2026-09-12T18:59:06Z,lag-1789239544,2103,128,111
2026-09-12T19:04:17Z,lag-1789239854,2444,262,204
2026-09-12T19:09:26Z,lag-1789240163,2544,185,268
2026-09-12T19:14:19Z,lag-1789240456,2803,134,309
2026-09-12T19:19:22Z,lag-1789240759,2910,147,313
2026-09-12T19:24:22Z,lag-1789241060,2390,129,188
2026-09-12T19:29:29Z,lag-1789241366,2819,124,311
2026-09-12T19:34:31Z,lag-1789241668,2751,137,306
2026-09-12T19:39:28Z,lag-1789241965,2421,148,226
2026-09-12T19:45:08Z,lag-1789242306,2421,135,194
2026-09-12T19:49:38Z,lag-1789242575,2741,192,324
2026-09-12T19:54:34Z,lag-1789242872,2155,136,118
2026-09-12T19:59:38Z,lag-1789243176,2113,57,99
2026-09-12T20:04:46Z,lag-1789243483,2700,125,318
2026-09-12T20:09:44Z,lag-1789243782,2086,61,109
2026-09-12T20:14:51Z,lag-1789244088,2718,123,293
2026-09-12T20:19:56Z,lag-1789244393,2788,173,329
2026-09-12T20:24:54Z,lag-1789244691,2610,185,250
2026-09-12T20:29:59Z,lag-1789244996,2758,116,311
2026-09-12T20:34:58Z,lag-1789245295,2670,167,285
2026-09-12T20:40:00Z,lag-1789245598,2115,91,130
2026-09-12T20:45:00Z,lag-1789245898,2076,74,110
2026-09-12T20:50:04Z,lag-1789246202,2155,126,125
2026-09-12T20:55:08Z,lag-1789246505,2198,85,124
2026-09-12T21:00:25Z,lag-1789246822,2670,140,266
2026-09-12T21:02:40Z,lag-1789246958,2567,157,284
2026-09-12T21:05:17Z,lag-1789247114,2778,187,334
2026-09-12T21:10:18Z,lag-1789247415,2514,136,233
2026-09-12T21:15:24Z,lag-1789247721,2772,135,303
2026-09-12T21:20:26Z,lag-1789248023,2775,150,304
2026-09-12T21:25:24Z,lag-1789248321,2163,56,114
2026-09-12T21:30:27Z,lag-1789248625,2060,74,111
2026-09-12T21:35:36Z,lag-1789248933,2654,142,295
2026-09-12T21:40:38Z,lag-1789249235,2749,118,294
2026-09-12T21:45:34Z,lag-1789249531,2040,74,97
2026-09-12T21:50:41Z,lag-1789249838,2754,185,314
2026-09-12T21:55:44Z,lag-1789250141,2737,169,325
2026-09-12T22:00:46Z,lag-1789250444,2570,236,306
2026-09-12T22:05:44Z,lag-1789250741,2096,149,128
2026-09-12T22:10:47Z,lag-1789251044,2260,147,116
2026-09-12T22:15:50Z,lag-1789251347,2163,126,121
2026-09-12T22:20:56Z,lag-1789251653,2626,178,285
2026-09-12T22:25:57Z,lag-1789251955,2411,129,151
2026-09-12T22:31:02Z,lag-1789252259,2307,83,149
2026-09-12T22:36:05Z,lag-1789252563,2500,173,259
2026-09-12T22:41:06Z,lag-1789252864,2643,171,268
2026-09-12T22:46:10Z,lag-1789253167,2758,147,319
2026-09-12T22:51:07Z,lag-1789253465,2309,144,233
2026-09-12T22:56:11Z,lag-1789253769,2082,130,118
2026-09-12T23:01:15Z,lag-1789254072,2766,178,282
2026-09-12T23:06:19Z,lag-1789254376,2791,180,239
2026-09-12T23:11:22Z,lag-1789254679,2413,143,189
2026-09-12T23:16:24Z,lag-1789254982,2335,129,188
2026-09-12T23:21:31Z,lag-1789255288,2659,141,296
2026-09-12T23:26:26Z,lag-1789255584,2128,111,119
2026-09-12T23:31:28Z,lag-1789255885,2405,156,209
2026-09-12T23:36:34Z,lag-1789256191,2796,178,317
2026-09-12T23:41:38Z,lag-1789256495,2412,151,186
2026-09-12T23:46:40Z,lag-1789256797,2605,168,273
2026-09-12T23:51:46Z,lag-1789257103,2728,130,303
2026-09-12T23:56:41Z,lag-1789257399,2091,90,111
2026-09-13T00:01:46Z,lag-1789257703,2672,175,295
2026-09-13T00:06:49Z,lag-1789258007,2111,95,108
2026-09-13T00:11:50Z,lag-1789258308,2153,125,120
2026-09-13T00:16:57Z,lag-1789258615,2298,120,141
2026-09-13T00:21:56Z,lag-1789258913,2176,135,135
2026-09-13T00:27:07Z,lag-1789259224,2454,168,195
2026-09-13T00:32:05Z,lag-1789259522,2395,128,205
2026-09-13T00:37:06Z,lag-1789259823,2237,101,173
2026-09-13T00:42:13Z,lag-1789260130,2770,135,296
2026-09-13T00:47:16Z,lag-1789260433,2668,171,287
2026-09-13T00:52:16Z,lag-1789260733,2649,166,295
2026-09-13T00:55:38Z,lag-1789260935,2873,194,282
2026-09-13T00:57:15Z,lag-1789261032,2250,95,113
2026-09-13T01:02:20Z,lag-1789261338,2519,124,189
2026-09-13T01:07:20Z,lag-1789261637,2119,124,120
2026-09-13T01:12:24Z,lag-1789261942,2151,62,100
2026-09-13T01:17:25Z,lag-1789262243,2026,55,104
2026-09-13T01:22:47Z,lag-1789262565,2150,140,126
2026-09-13T01:27:31Z,lag-1789262849,2020,78,105
2026-09-13T01:32:37Z,lag-1789263154,2732,143,314
2026-09-13T01:38:12Z,lag-1789263490,2165,122,106
2026-09-13T01:42:41Z,lag-1789263758,2738,140,161
2026-09-13T01:47:43Z,lag-1789264060,2640,170,278
2026-09-13T01:52:48Z,lag-1789264365,2615,180,284
2026-09-13T01:57:48Z,lag-1789264666,2308,199,177
2026-09-13T02:02:54Z,lag-1789264971,2688,141,305
2026-09-13T02:07:53Z,lag-1789265271,2253,90,155
2026-09-13T02:12:56Z,lag-1789265573,2449,139,214
2026-09-13T02:18:00Z,lag-1789265877,2378,118,187
2026-09-13T02:23:03Z,lag-1789266180,2809,191,247
2026-09-13T02:28:04Z,lag-1789266481,2705,176,277
2026-09-13T02:33:06Z,lag-1789266784,2159,120,114
2026-09-13T02:38:10Z,lag-1789267087,2139,125,120
2026-09-13T02:43:11Z,lag-1789267389,2080,58,105
2026-09-13T02:48:12Z,lag-1789267690,2187,121,148
2026-09-13T02:53:15Z,lag-1789267993,2078,67,99
2026-09-13T02:58:19Z,lag-1789268297,2258,76,176
2026-09-13T03:03:26Z,lag-1789268603,2555,181,252
2026-09-13T03:08:30Z,lag-1789268907,2694,147,306
2026-09-13T03:13:29Z,lag-1789269206,2686,148,291
2026-09-13T03:18:29Z,lag-1789269507,2064,90,118
2026-09-13T03:23:36Z,lag-1789269813,2684,156,306
2026-09-13T03:28:45Z,lag-1789270122,2741,140,312
2026-09-13T03:33:44Z,lag-1789270421,2751,130,304
2026-09-13T03:38:42Z,lag-1789270719,2689,175,316
2026-09-13T03:43:47Z,lag-1789271024,2800,121,316
2026-09-13T03:48:46Z,lag-1789271324,2138,55,111
2026-09-13T03:53:50Z,lag-1789271627,2723,133,294
2026-09-13T03:58:55Z,lag-1789271932,2757,183,246
2026-09-13T04:03:56Z,lag-1789272233,2302,129,146
2026-09-13T04:19:02Z,lag-1789273139,2150,102,112
2026-09-13T04:29:05Z,lag-1789273743,2150,72,100
2026-09-13T04:34:12Z,lag-1789274049,2625,181,254
2026-09-13T04:44:18Z,lag-1789274654,2757,118,308
2026-09-13T04:49:20Z,lag-1789274958,2557,189,240
2026-09-13T04:54:22Z,lag-1789275259,2606,193,290
2026-09-13T04:59:25Z,lag-1789275562,2672,182,238
2026-09-13T05:04:24Z,lag-1789275861,2153,78,118
2026-09-13T05:09:31Z,lag-1789276169,2410,159,201
2026-09-13T05:14:36Z,lag-1789276473,2676,138,297
2026-09-13T05:19:32Z,lag-1789276770,2104,76,111
2026-09-13T05:24:34Z,lag-1789277072,2301,88,144
2026-09-13T05:29:37Z,lag-1789277374,2229,109,119
2026-09-13T05:34:44Z,lag-1789277682,2664,130,291
2026-09-13T05:39:43Z,lag-1789277981,2111,121,111
2026-09-13T05:44:45Z,lag-1789278283,2062,83,111
2026-09-13T05:49:48Z,lag-1789278586,2061,58,106
2026-09-13T05:54:53Z,lag-1789278891,2359,142,183
2026-09-13T05:55:52Z,lag-1789278949,2576,166,267
2026-09-13T05:59:59Z,lag-1789279196,2702,131,295
2026-09-13T06:05:37Z,lag-1789279534,2435,132,213
2026-09-13T06:10:00Z,lag-1789279798,2383,125,233
2026-09-13T06:15:03Z,lag-1789280100,2336,113,117
2026-09-13T06:20:03Z,lag-1789280401,2048,113,103
2026-09-13T06:25:12Z,lag-1789280709,2666,130,289
2026-09-13T06:30:10Z,lag-1789281007,2597,184,280
2026-09-13T06:35:13Z,lag-1789281311,2172,150,154
2026-09-13T06:40:20Z,lag-1789281617,2736,180,334
2026-09-13T06:45:20Z,lag-1789281917,2279,85,163
2026-09-13T06:50:22Z,lag-1789282219,2613,169,279
2026-09-13T06:55:26Z,lag-1789282523,2365,147,195
2026-09-13T07:00:33Z,lag-1789282830,2750,191,298
2026-09-13T07:05:28Z,lag-1789283126,1991,70,110
2026-09-13T07:10:33Z,lag-1789283430,2157,159,117
2026-09-13T07:15:36Z,lag-1789283734,2161,65,103
2026-09-13T07:20:39Z,lag-1789284036,2428,164,205
2026-09-13T07:25:38Z,lag-1789284336,2094,97,132
2026-09-13T07:30:45Z,lag-1789284642,2746,180,408
2026-09-13T07:35:44Z,lag-1789284942,2294,105,159
2026-09-13T07:40:59Z,lag-1789285256,2107,76,102
2026-09-13T07:45:56Z,lag-1789285553,2867,140,307
2026-09-13T07:50:54Z,lag-1789285852,2273,78,158
2026-09-13T07:55:55Z,lag-1789286153,2098,94,126
2026-09-13T08:00:57Z,lag-1789286455,2566,80,123
2026-09-13T08:06:06Z,lag-1789286763,2869,132,297
2026-09-13T08:11:06Z,lag-1789287063,2501,154,191
2026-09-13T08:16:09Z,lag-1789287367,2327,85,150
2026-09-13T08:21:11Z,lag-1789287668,2719,184,288
2026-09-13T08:26:13Z,lag-1789287971,2159,57,107
2026-09-13T08:31:16Z,lag-1789288274,2082,131,99
2026-09-13T08:36:17Z,lag-1789288575,2172,143,143
2026-09-13T08:41:24Z,lag-1789288882,2460,148,195
2026-09-13T08:47:21Z,lag-1789289239,2377,112,154
2026-09-13T09:01:11Z,lag-1789290069,2406,64,122
2026-09-13T09:18:04Z,lag-1789291081,2523,129,211
2026-09-13T09:27:06Z,lag-1789291623,2708,124,302
2026-09-13T09:32:42Z,lag-1789291960,2246,124,152
2026-09-13T09:37:07Z,lag-1789292225,2279,133,113
2026-09-13T09:42:16Z,lag-1789292533,2640,166,284
2026-09-13T09:47:11Z,lag-1789292829,2087,135,105
2026-09-13T09:52:52Z,lag-1789293169,2266,103,159
2026-09-13T09:58:43Z,lag-1789293521,2053,53,107
2026-09-13T10:02:22Z,lag-1789293740,2130,106,119
2026-09-13T10:07:30Z,lag-1789294047,2598,149,428
2026-09-13T10:12:30Z,lag-1789294348,2463,137,204
2026-09-13T10:17:34Z,lag-1789294651,2666,160,278
2026-09-13T10:22:39Z,lag-1789294956,2874,177,419
2026-09-13T10:27:39Z,lag-1789295256,2614,142,279
2026-09-13T10:32:42Z,lag-1789295559,2477,116,184
2026-09-13T10:37:41Z,lag-1789295859,2417,114,185
2026-09-13T10:42:50Z,lag-1789296167,2625,148,265
2026-09-13T10:47:46Z,lag-1789296464,2020,57,109
2026-09-13T10:52:48Z,lag-1789296766,2444,163,193
2026-09-13T10:57:56Z,lag-1789297073,2816,138,289
2026-09-13T11:02:57Z,lag-1789297375,2108,111,109
2026-09-13T11:08:01Z,lag-1789297678,2623,150,331
2026-09-13T11:13:01Z,lag-1789297978,2813,192,324
2026-09-13T11:18:18Z,lag-1789298295,2532,185,224
2026-09-13T11:23:06Z,lag-1789298584,2212,69,106
2026-09-13T11:28:15Z,lag-1789298893,2149,123,115
2026-09-13T11:33:11Z,lag-1789299189,2132,90,107
2026-09-13T11:38:18Z,lag-1789299495,2777,123,303
2026-09-13T11:39:06Z,lag-1789299543,2441,117,165
2026-09-13T11:43:21Z,lag-1789299798,2850,123,296
2026-09-13T11:48:21Z,lag-1789300099,2632,148,268
2026-09-13T11:53:20Z,lag-1789300398,2140,91,116
2026-09-13T11:59:41Z,lag-1789300778,2804,125,292
2026-09-13T12:03:32Z,lag-1789301009,2863,133,314
2026-09-13T12:08:30Z,lag-1789301308,2268,97,166
2026-09-13T12:13:33Z,lag-1789301610,2183,117,96
2026-09-13T12:18:36Z,lag-1789301913,2659,138,326
2026-09-13T12:23:40Z,lag-1789302218,2154,173,116
2026-09-13T12:28:42Z,lag-1789302520,2424,161,203
2026-09-13T12:33:43Z,lag-1789302821,2389,110,179
2026-09-13T12:38:48Z,lag-1789303126,2479,141,195
2026-09-13T12:43:47Z,lag-1789303424,2161,136,123
2026-09-13T12:48:50Z,lag-1789303728,2085,100,108
2026-09-13T12:53:54Z,lag-1789304031,2486,171,188
2026-09-13T12:58:54Z,lag-1789304331,2379,89,118
2026-09-13T13:04:01Z,lag-1789304638,2730,142,335
2026-09-13T13:09:03Z,lag-1789304940,2489,147,191
2026-09-13T13:14:06Z,lag-1789305243,2415,126,186
2026-09-13T13:19:08Z,lag-1789305545,2631,170,273
2026-09-13T13:24:13Z,lag-1789305851,2527,171,236
2026-09-13T13:29:14Z,lag-1789306151,2626,146,278
2026-09-13T13:34:18Z,lag-1789306455,2859,126,293
2026-09-13T13:39:21Z,lag-1789306758,2943,197,318
2026-09-13T13:44:21Z,lag-1789307058,2478,157,214
2026-09-13T13:49:23Z,lag-1789307361,2285,102,154
2026-09-13T13:54:24Z,lag-1789307662,2105,129,109
2026-09-13T13:59:28Z,lag-1789307965,2294,74,145
2026-09-13T14:04:30Z,lag-1789308268,2094,127,114
2026-09-13T14:10:07Z,lag-1789308605,2322,81,98
2026-09-13T14:14:41Z,lag-1789308878,2753,128,302
2026-09-13T14:19:39Z,lag-1789309177,2158,70,109
2026-09-13T14:24:41Z,lag-1789309478,2092,78,104
2026-09-13T14:29:43Z,lag-1789309781,2141,62,112
2026-09-13T14:35:26Z,lag-1789310123,2635,131,270
2026-09-13T14:39:48Z,lag-1789310386,2159,116,103
2026-09-13T14:44:50Z,lag-1789310688,2410,168,197
2026-09-13T14:49:53Z,lag-1789310991,2089,52,107
2026-09-13T14:54:56Z,lag-1789311294,2327,133,115
2026-09-13T15:00:05Z,lag-1789311601,4213,157,386
2026-09-13T15:04:30Z,lag-1789311868,2228,77,119
2026-09-13T15:05:04Z,lag-1789311901,2617,153,289
2026-09-13T15:10:05Z,lag-1789312202,2345,80,115
2026-09-13T15:15:07Z,lag-1789312504,2126,87,114
2026-09-13T15:20:15Z,lag-1789312812,2879,173,248
2026-09-13T15:25:13Z,lag-1789313110,2312,57,119
2026-09-13T15:30:51Z,lag-1789313448,2496,116,106
2026-09-13T15:35:19Z,lag-1789313717,2278,85,157
2026-09-13T15:40:26Z,lag-1789314023,2656,140,300
2026-09-13T15:45:25Z,lag-1789314322,2322,109,790
2026-09-13T15:50:31Z,lag-1789314628,2827,138,302
2026-09-13T15:55:32Z,lag-1789314929,2406,142,191
2026-09-13T16:00:37Z,lag-1789315234,2947,173,238
2026-09-13T16:05:40Z,lag-1789315537,2618,188,287
2026-09-13T16:10:42Z,lag-1789315839,2773,131,290
2026-09-13T16:15:40Z,lag-1789316138,2214,78,128
2026-09-13T16:20:42Z,lag-1789316440,2169,80,99
2026-09-13T16:25:52Z,lag-1789316749,2927,277,302
2026-09-13T16:30:49Z,lag-1789317046,2246,141,117
2026-09-13T16:35:49Z,lag-1789317347,2212,98,127
2026-09-13T16:40:53Z,lag-1789317651,2076,78,101
2026-09-13T16:45:58Z,lag-1789317956,2466,172,192
2026-09-13T16:51:00Z,lag-1789318258,2305,86,159
2026-09-13T16:56:03Z,lag-1789318559,3109,185,348
2026-09-13T17:01:04Z,lag-1789318861,2752,184,283
2026-09-13T17:06:11Z,lag-1789319168,2719,208,323
2026-09-13T17:11:11Z,lag-1789319467,3011,211,512
2026-09-13T17:16:11Z,lag-1789319769,2165,84,107
2026-09-13T17:21:18Z,lag-1789320075,2594,166,268
2026-09-13T17:26:22Z,lag-1789320379,2563,177,276
2026-09-13T17:31:22Z,lag-1789320679,2756,181,301
2026-09-13T17:36:29Z,lag-1789320986,2673,150,260
2026-09-13T17:41:30Z,lag-1789321287,2805,170,283
2026-09-13T17:46:29Z,lag-1789321587,2148,53,116
2026-09-13T17:51:31Z,lag-1789321889,2187,106,129
2026-09-13T17:56:36Z,lag-1789322193,2677,177,244
2026-09-13T18:01:38Z,lag-1789322495,2216,61,127
2026-09-13T18:06:44Z,lag-1789322801,2648,176,271
2026-09-13T18:10:29Z,lag-1789323026,2551,156,284
2026-09-13T18:11:43Z,lag-1789323100,2323,189,168
2026-09-13T18:16:49Z,lag-1789323406,2738,138,297
2026-09-13T18:21:53Z,lag-1789323710,2863,185,314
2026-09-13T18:26:53Z,lag-1789324010,2522,169,241
2026-09-13T18:31:57Z,lag-1789324314,2688,138,298
2026-09-13T18:37:00Z,lag-1789324617,2575,177,284
2026-09-13T18:41:57Z,lag-1789324915,2144,132,137
2026-09-13T18:47:03Z,lag-1789325220,2683,182,250
2026-09-13T18:52:09Z,lag-1789325527,2340,126,164
2026-09-13T18:57:07Z,lag-1789325824,2661,184,251
2026-09-13T19:02:08Z,lag-1789326126,2433,145,239
2026-09-13T19:07:16Z,lag-1789326432,3036,192,334
2026-09-13T19:12:14Z,lag-1789326731,2422,99,168
2026-09-13T19:17:22Z,lag-1789327039,2612,166,287
2026-09-13T19:22:22Z,lag-1789327340,2182,47,101
2026-09-13T19:27:21Z,lag-1789327639,2236,128,111
2026-09-13T19:32:24Z,lag-1789327942,2082,121,103
2026-09-13T19:37:39Z,lag-1789328255,3551,128,197
2026-09-13T19:42:33Z,lag-1789328550,2688,155,304
2026-09-13T19:47:36Z,lag-1789328853,2736,140,297
2026-09-13T19:52:37Z,lag-1789329154,2504,138,212
2026-09-13T19:57:39Z,lag-1789329457,2299,148,225
2026-09-13T20:02:42Z,lag-1789329759,2326,138,160
2026-09-13T20:07:46Z,lag-1789330063,2687,185,267
2026-09-13T20:12:46Z,lag-1789330363,2232,115,157
2026-09-13T20:17:52Z,lag-1789330669,2731,223,311
2026-09-13T20:22:51Z,lag-1789330968,2432,151,212
2026-09-13T20:27:51Z,lag-1789331269,2178,82,117
2026-09-13T20:32:54Z,lag-1789331572,2139,73,109
2026-09-13T20:38:01Z,lag-1789331878,2578,171,275
2026-09-13T20:43:05Z,lag-1789332183,2105,90,106
2026-09-13T20:48:05Z,lag-1789332482,2421,710,201
2026-09-13T20:53:13Z,lag-1789332790,2734,155,296
2026-09-13T20:53:49Z,lag-1789332827,2040,60,106
2026-09-13T20:58:17Z,lag-1789333094,2825,146,301
2026-09-13T21:03:14Z,lag-1789333391,2689,181,284
2026-09-13T21:08:19Z,lag-1789333696,2823,198,314
2026-09-13T21:13:22Z,lag-1789333999,2784,197,315
2026-09-13T21:18:21Z,lag-1789334299,2305,139,175
2026-09-13T21:23:23Z,lag-1789334601,2057,74,118
2026-09-13T21:28:36Z,lag-1789334912,3309,179,447
2026-09-13T21:33:42Z,lag-1789335220,2392,172,180
2026-09-13T21:38:31Z,lag-1789335508,2116,136,114
2026-09-13T21:43:38Z,lag-1789335815,2690,152,318
2026-09-13T21:48:44Z,lag-1789336121,2343,145,184
2026-09-13T21:53:43Z,lag-1789336420,2714,128,314
2026-09-13T21:58:42Z,lag-1789336719,2392,182,184
2026-09-13T22:03:48Z,lag-1789337025,2596,178,238
2026-09-13T22:08:51Z,lag-1789337328,2540,165,276
2026-09-13T22:13:49Z,lag-1789337627,2150,116,109
2026-09-13T22:18:57Z,lag-1789337934,2434,139,204
2026-09-13T22:23:57Z,lag-1789338234,2567,178,250
2026-09-13T22:29:00Z,lag-1789338537,2797,145,314
2026-09-13T22:34:02Z,lag-1789338839,2596,171,270
2026-09-13T22:39:00Z,lag-1789339138,2263,125,153
2026-09-13T22:44:08Z,lag-1789339445,2587,186,246
2026-09-13T22:49:07Z,lag-1789339744,2607,132,203
2026-09-13T22:54:10Z,lag-1789340048,2274,129,169
2026-09-13T22:59:19Z,lag-1789340356,2776,196,325
2026-09-13T23:01:18Z,lag-1789340475,2848,131,304
2026-09-13T23:04:19Z,lag-1789340656,2343,145,182
2026-09-13T23:09:23Z,lag-1789340960,2924,142,320
2026-09-13T23:14:20Z,lag-1789341258,2096,78,111
2026-09-13T23:19:23Z,lag-1789341561,2148,72,136
2026-09-13T23:24:26Z,lag-1789341864,2131,76,100
2026-09-13T23:29:28Z,lag-1789342165,2628,142,132
2026-09-13T23:34:37Z,lag-1789342474,2709,129,313
2026-09-13T23:39:36Z,lag-1789342773,2386,105,152
2026-09-13T23:44:39Z,lag-1789343076,2245,91,198
2026-09-13T23:49:42Z,lag-1789343379,2668,178,337
2026-09-13T23:54:42Z,lag-1789343680,2353,80,116
2026-09-13T23:59:52Z,lag-1789343989,2726,259,273
2026-09-14T00:04:48Z,lag-1789344285,2518,153,205
2026-09-14T00:09:53Z,lag-1789344590,2644,190,312
2026-09-14T00:14:54Z,lag-1789344892,2455,93,186
2026-09-14T00:20:07Z,lag-1789345204,2799,192,335
2026-09-14T00:24:58Z,lag-1789345495,2591,156,282
2026-09-14T00:30:04Z,lag-1789345801,2872,138,293
2026-09-14T00:35:05Z,lag-1789346103,2407,124,184
2026-09-14T00:40:08Z,lag-1789346406,2414,157,185
2026-09-14T00:45:09Z,lag-1789346707,2241,142,125
2026-09-14T00:50:13Z,lag-1789347011,2457,118,104
2026-09-14T00:55:20Z,lag-1789347317,2812,128,309
2026-09-14T00:59:32Z,lag-1789347569,2335,211,189
2026-09-14T01:00:22Z,lag-1789347619,2948,227,226
2026-09-14T01:05:21Z,lag-1789347919,2216,131,130
2026-09-14T01:10:25Z,lag-1789348222,2490,136,190
2026-09-14T01:15:27Z,lag-1789348525,2119,130,110
2026-09-14T01:20:35Z,lag-1789348830,4192,767,277
2026-09-14T01:25:37Z,lag-1789349134,2896,119,311
2026-09-14T01:30:35Z,lag-1789349432,2403,82,118
2026-09-14T01:35:42Z,lag-1789349739,2817,315,270
2026-09-14T01:40:41Z,lag-1789350038,2161,97,128
2026-09-14T01:45:46Z,lag-1789350343,2501,108,155
2026-09-14T01:50:45Z,lag-1789350643,2137,76,111
2026-09-14T01:55:48Z,lag-1789350945,3029,143,230
2026-09-14T02:00:56Z,lag-1789351253,2724,186,279
2026-09-14T02:05:56Z,lag-1789351554,2129,50,102
2026-09-14T02:10:56Z,lag-1789351854,2142,115,112
2026-09-14T02:16:04Z,lag-1789352161,2849,212,434
2026-09-14T02:21:40Z,lag-1789352498,2447,149,234
2026-09-14T02:26:09Z,lag-1789352766,2718,178,289
2026-09-14T02:31:10Z,lag-1789353067,2753,161,295
2026-09-14T02:36:16Z,lag-1789353373,2739,118,306
2026-09-14T02:41:15Z,lag-1789353672,2785,167,299
2026-09-14T02:46:17Z,lag-1789353974,2378,133,161
2026-09-14T02:51:19Z,lag-1789354276,2561,142,197
2026-09-14T02:56:33Z,lag-1789354589,2985,145,298
2026-09-14T03:01:22Z,lag-1789354879,2223,130,104
2026-09-14T03:06:37Z,lag-1789355194,2967,171,258
2026-09-14T03:11:34Z,lag-1789355491,2866,192,275
2026-09-14T03:16:37Z,lag-1789355793,2814,202,300
2026-09-14T03:21:39Z,lag-1789356096,2816,174,338
2026-09-14T03:26:43Z,lag-1789356401,2138,110,112
2026-09-14T03:31:40Z,lag-1789356698,2275,74,102
2026-09-14T03:36:43Z,lag-1789357001,2293,83,117
2026-09-14T03:41:47Z,lag-1789357305,2508,143,193
2026-09-14T03:46:57Z,lag-1789357614,2590,167,275
2026-09-14T03:51:57Z,lag-1789357913,2747,133,304
2026-09-14T03:56:54Z,lag-1789358211,2352,132,113
2026-09-14T04:02:02Z,lag-1789358519,2857,141,312
2026-09-14T04:07:00Z,lag-1789358818,2136,74,108
2026-09-14T04:12:07Z,lag-1789359124,2653,167,249
2026-09-14T04:17:06Z,lag-1789359424,2086,130,106
2026-09-14T04:22:15Z,lag-1789359732,2655,138,302
2026-09-14T04:27:17Z,lag-1789360034,2586,172,216
2026-09-14T04:32:17Z,lag-1789360334,2478,122,214
2026-09-14T04:37:20Z,lag-1789360637,2518,172,229
2026-09-14T04:42:24Z,lag-1789360941,2505,145,172
2026-09-14T04:47:28Z,lag-1789361245,2724,251,266
2026-09-14T04:52:31Z,lag-1789361548,2725,139,299
2026-09-14T04:57:34Z,lag-1789361851,2899,208,341
2026-09-14T05:02:36Z,lag-1789362153,2634,169,257
2026-09-14T05:07:34Z,lag-1789362452,2294,134,162
2026-09-14T05:12:39Z,lag-1789362756,2228,126,151
2026-09-14T05:17:40Z,lag-1789363058,2134,67,111
2026-09-14T05:22:43Z,lag-1789363361,2327,152,121
2026-09-14T05:27:46Z,lag-1789363663,2284,136,147
2026-09-14T05:32:49Z,lag-1789363967,2064,66,107
2026-09-14T05:37:56Z,lag-1789364272,2882,183,316
2026-09-14T05:42:59Z,lag-1789364576,2789,133,299
2026-09-14T05:48:00Z,lag-1789364878,2449,167,232
2026-09-14T05:52:59Z,lag-1789365177,2281,105,165
2026-09-14T05:58:00Z,lag-1789365478,2186,94,122
2026-09-14T06:03:07Z,lag-1789365784,3012,260,265
2026-09-14T06:08:07Z,lag-1789366085,2303,125,164
2026-09-14T06:13:11Z,lag-1789366388,2098,112,101
2026-09-14T06:18:14Z,lag-1789366691,2605,182,245
2026-09-14T06:23:18Z,lag-1789366995,2397,130,189
2026-09-14T06:28:19Z,lag-1789367295,2750,176,358
2026-09-14T06:33:20Z,lag-1789367598,2229,119,111
2026-09-14T06:38:23Z,lag-1789367901,2151,102,119
2026-09-14T06:43:30Z,lag-1789368207,2698,178,246
2026-09-14T06:48:31Z,lag-1789368508,2415,135,210
2026-09-14T06:53:33Z,lag-1789368810,2172,142,103
2026-09-14T06:58:39Z,lag-1789369116,2588,162,279
2026-09-14T07:03:38Z,lag-1789369416,2082,60,123
2026-09-14T07:08:40Z,lag-1789369718,2191,82,110
2026-09-14T07:13:42Z,lag-1789370020,2208,109,116
2026-09-14T07:18:53Z,lag-1789370330,2483,128,175
2026-09-14T07:23:49Z,lag-1789370626,2260,101,157
2026-09-14T07:28:52Z,lag-1789370929,2727,169,274
2026-09-14T07:34:00Z,lag-1789371237,2779,125,299
2026-09-14T07:38:59Z,lag-1789371536,2405,107,172
2026-09-14T07:44:07Z,lag-1789371844,2334,155,184
2026-09-14T07:49:06Z,lag-1789372143,2580,174,254
2026-09-14T07:54:03Z,lag-1789372441,2148,88,107
2026-09-14T07:59:08Z,lag-1789372745,2444,135,196
2026-09-14T08:04:12Z,lag-1789373049,2490,154,192
2026-09-14T08:09:13Z,lag-1789373351,2070,87,101
2026-09-14T08:14:20Z,lag-1789373657,2738,155,283
2026-09-14T08:19:25Z,lag-1789373963,2641,178,286
2026-09-14T08:24:21Z,lag-1789374259,2066,61,116
2026-09-14T08:29:26Z,lag-1789374564,2261,125,160
2026-09-14T08:34:26Z,lag-1789374863,2167,129,131
2026-09-14T08:39:29Z,lag-1789375167,2187,84,122
2026-09-14T08:44:35Z,lag-1789375472,2659,171,296
2026-09-14T08:49:41Z,lag-1789375778,2768,128,308
2026-09-14T08:54:42Z,lag-1789376079,2794,137,387
2026-09-14T08:59:42Z,lag-1789376379,2217,125,148
2026-09-14T09:04:47Z,lag-1789376684,2636,182,229
2026-09-14T09:09:49Z,lag-1789376987,2507,180,181
2026-09-14T09:14:53Z,lag-1789377290,2807,189,327
2026-09-14T09:20:01Z,lag-1789377598,2477,181,197
2026-09-14T09:25:03Z,lag-1789377900,2507,123,187
2026-09-14T09:30:02Z,lag-1789378199,2653,166,294
2026-09-14T09:35:07Z,lag-1789378504,2699,178,242
2026-09-14T09:40:06Z,lag-1789378804,2280,122,150
2026-09-14T09:45:10Z,lag-1789379108,2336,118,189
2026-09-14T09:50:16Z,lag-1789379413,2611,177,239
2026-09-14T09:55:23Z,lag-1789379720,2710,128,290
2026-09-14T10:00:23Z,lag-1789380020,2652,233,217
2026-09-14T10:05:24Z,lag-1789380322,2424,77,115
2026-09-14T10:10:27Z,lag-1789380625,2418,165,186
2026-09-14T10:15:32Z,lag-1789380929,2411,227,174
2026-09-14T10:20:37Z,lag-1789381233,3130,200,348
2026-09-14T10:25:37Z,lag-1789381534,2571,157,197
2026-09-14T10:30:36Z,lag-1789381834,2088,66,111
2026-09-14T10:35:41Z,lag-1789382138,2351,150,155
2026-09-14T10:40:42Z,lag-1789382440,2163,130,110
2026-09-14T10:45:45Z,lag-1789382742,2170,119,115
2026-09-14T10:50:49Z,lag-1789383045,2860,183,354
2026-09-14T10:55:54Z,lag-1789383352,2027,84,97
2026-09-14T11:00:54Z,lag-1789383651,2374,85,141
2026-09-14T11:06:06Z,lag-1789383963,2662,185,283
2026-09-14T11:10:59Z,lag-1789384257,2266,72,106
2026-09-14T11:16:04Z,lag-1789384561,2638,175,245
2026-09-14T11:21:05Z,lag-1789384862,2829,173,315
2026-09-14T11:26:15Z,lag-1789385172,2655,163,259
2026-09-14T11:31:08Z,lag-1789385465,2584,133,213
2026-09-14T11:36:10Z,lag-1789385768,2192,121,109
2026-09-14T11:41:13Z,lag-1789386071,2067,94,104
2026-09-14T11:47:26Z,lag-1789386383,2632,-1,283
2026-09-14T11:52:19Z,lag-1789386677,2223,-1,115
2026-09-14T11:57:22Z,lag-1789386979,2212,-1,113
2026-09-14T12:02:31Z,lag-1789387288,2796,-1,302
2026-09-14T12:07:32Z,lag-1789387589,2801,-1,280
2026-09-14T12:12:37Z,lag-1789387894,2602,-1,266
2026-09-14T12:17:42Z,lag-1789388198,2889,-1,297
2026-09-14T12:22:42Z,lag-1789388499,2705,-1,297
2026-09-14T12:27:46Z,lag-1789388803,2797,-1,300
2026-09-14T12:32:48Z,lag-1789389105,2662,-1,244
2026-09-14T12:37:56Z,lag-1789389413,2624,-1,268
2026-09-14T12:42:48Z,lag-1789389706,2604,-1,331
2026-09-14T12:47:56Z,lag-1789390014,2643,-1,234
2026-09-14T12:51:03Z,lag-1789390200,2394,-1,204
2026-09-14T12:52:55Z,lag-1789390313,2070,-1,121
2026-09-14T12:57:59Z,lag-1789390616,2294,-1,167
2026-09-14T13:08:06Z,lag-1789391223,2638,-1,319
2026-09-14T13:13:09Z,lag-1789391527,2189,-1,118
2026-09-14T13:18:18Z,lag-1789391835,2592,-1,285
2026-09-14T13:23:13Z,lag-1789392131,2151,-1,108
2026-09-14T13:27:41Z,lag-1789392439,2835,19027,305
2026-09-14T13:32:25Z,lag-1789392742,2807,129,309
2026-09-14T13:37:30Z,lag-1789393047,2707,169,358
2026-09-14T13:42:30Z,lag-1789393346,2760,130,322
2026-09-14T13:47:28Z,lag-1789393646,2395,160,227
2026-09-14T13:52:32Z,lag-1789393949,2162,134,98
2026-09-14T14:02:47Z,lag-1789394564,2849,186,325
2026-09-14T14:05:42Z,lag-1789394739,2816,300,291
2026-09-14T14:12:43Z,lag-1789395161,2241,133,101
2026-09-14T14:17:44Z,lag-1789395462,2218,94,118
2026-09-14T14:22:55Z,lag-1789395773,2314,90,101
2026-09-14T14:28:02Z,lag-1789396079,2633,188,278
2026-09-14T14:32:57Z,lag-1789396374,2703,185,233
2026-09-14T14:38:01Z,lag-1789396677,2799,224,332
2026-09-14T14:43:01Z,lag-1789396978,2681,178,249
2026-09-14T14:48:02Z,lag-1789397280,2076,209,114
2026-09-14T14:53:14Z,lag-1789397591,2808,129,291
2026-09-14T14:58:13Z,lag-1789397890,2642,182,308
2026-09-14T15:03:12Z,lag-1789398190,2181,64,103
2026-09-14T15:08:21Z,lag-1789398498,2636,167,280
2026-09-14T15:13:18Z,lag-1789398795,2299,147,133
2026-09-14T15:18:31Z,lag-1789399109,2480,148,196
2026-09-14T15:23:30Z,lag-1789399407,2724,172,312
2026-09-14T15:28:30Z,lag-1789399707,2769,148,201
2026-09-14T15:33:29Z,lag-1789400006,2390,137,110
2026-09-14T15:38:32Z,lag-1789400310,2272,130,114
2026-09-14T15:43:40Z,lag-1789400617,2799,132,310
2026-09-14T15:48:40Z,lag-1789400917,2311,110,165
2026-09-14T15:53:42Z,lag-1789401220,2245,140,147
2026-09-14T15:58:44Z,lag-1789401522,2143,83,119
2026-09-14T16:03:47Z,lag-1789401825,2245,137,159
2026-09-14T16:08:53Z,lag-1789402130,2768,255,286
2026-09-14T16:13:56Z,lag-1789402433,2665,184,266
2026-09-14T16:18:56Z,lag-1789402734,2305,91,159
2026-09-14T16:24:02Z,lag-1789403039,2638,183,243
2026-09-14T16:29:02Z,lag-1789403340,2345,102,159
2026-09-14T16:34:05Z,lag-1789403642,2414,138,153
2026-09-14T16:39:13Z,lag-1789403950,2814,193,303
2026-09-14T16:44:13Z,lag-1789404250,2566,194,279
2026-09-14T16:49:12Z,lag-1789404550,2160,61,104
2026-09-14T16:54:20Z,lag-1789404857,2661,180,254
2026-09-14T16:59:19Z,lag-1789405157,2167,59,125
2026-09-14T17:04:20Z,lag-1789405458,2294,130,135
2026-09-14T17:09:24Z,lag-1789405761,2635,153,200
2026-09-14T17:14:27Z,lag-1789406064,2668,178,193
2026-09-14T17:19:30Z,lag-1789406367,2377,103,170
2026-09-14T17:24:32Z,lag-1789406670,2108,129,114
2026-09-14T17:29:36Z,lag-1789406973,2438,102,149
2026-09-14T17:34:40Z,lag-1789407277,2628,168,284
2026-09-14T17:39:42Z,lag-1789407580,2508,151,222
2026-09-14T17:44:46Z,lag-1789407883,2610,186,246
2026-09-14T17:49:54Z,lag-1789408191,2634,143,276
2026-09-14T17:54:56Z,lag-1789408493,2627,202,288
2026-09-14T17:59:53Z,lag-1789408791,2148,61,120
2026-09-14T18:04:56Z,lag-1789409093,2508,143,199
2026-09-14T18:10:01Z,lag-1789409398,2590,224,227
2026-09-14T18:15:05Z,lag-1789409702,2841,144,335
2026-09-14T18:18:03Z,lag-1789409881,2100,124,111
2026-09-14T18:20:10Z,lag-1789410007,2731,181,235
2026-09-14T18:25:11Z,lag-1789410307,2874,130,332
2026-09-14T18:30:15Z,lag-1789410612,3068,179,260
2026-09-14T18:35:25Z,lag-1789410922,2597,165,219
2026-09-14T18:40:19Z,lag-1789411216,2755,145,277
2026-09-14T18:45:22Z,lag-1789411519,2829,143,305
2026-09-14T18:50:22Z,lag-1789411820,2109,93,101
2026-09-14T18:55:29Z,lag-1789412126,2632,195,272
2026-09-14T19:00:27Z,lag-1789412425,2240,102,141
2026-09-14T19:05:34Z,lag-1789412731,2838,209,330
2026-09-14T19:10:35Z,lag-1789413033,2345,131,156
2026-09-14T19:15:38Z,lag-1789413335,2373,78,159
2026-09-14T19:20:38Z,lag-1789413635,2297,62,121
2026-09-14T19:25:46Z,lag-1789413943,2874,178,326
2026-09-14T19:30:47Z,lag-1789414244,2612,152,273
2026-09-14T19:35:47Z,lag-1789414545,2137,78,111
2026-09-14T19:40:50Z,lag-1789414847,2110,70,108
2026-09-14T19:45:54Z,lag-1789415151,2652,175,267
2026-09-14T19:51:00Z,lag-1789415457,2773,164,316
2026-09-14T19:56:03Z,lag-1789415760,2610,235,242
2026-09-14T20:01:03Z,lag-1789416059,3663,182,346
2026-09-14T20:06:08Z,lag-1789416365,2712,195,246
2026-09-14T20:11:07Z,lag-1789416664,2316,79,119
2026-09-14T20:16:22Z,lag-1789416979,2741,157,317
2026-09-14T20:21:15Z,lag-1789417273,2365,118,198
2026-09-14T20:26:18Z,lag-1789417575,2703,202,243
2026-09-14T20:31:17Z,lag-1789417875,2172,125,171
2026-09-14T20:36:24Z,lag-1789418181,2943,134,303
2026-09-14T20:41:22Z,lag-1789418480,2065,58,115
2026-09-14T20:46:33Z,lag-1789418790,2768,185,326
2026-09-14T20:51:31Z,lag-1789419089,2540,174,201
2026-09-14T20:56:35Z,lag-1789419392,2689,191,238
2026-09-14T21:01:35Z,lag-1789419692,2359,120,181
2026-09-14T21:06:37Z,lag-1789419995,2162,122,123
2026-09-14T21:11:43Z,lag-1789420301,2346,88,185
2026-09-14T21:16:43Z,lag-1789420601,2392,138,167
2026-09-14T21:21:47Z,lag-1789420904,2665,158,253
2026-09-14T21:26:52Z,lag-1789421209,2406,132,208
2026-09-14T21:31:51Z,lag-1789421508,2143,120,339
2026-09-14T21:36:54Z,lag-1789421812,2156,134,94
2026-09-14T21:41:59Z,lag-1789422116,2588,186,234
2026-09-14T21:47:01Z,lag-1789422418,2647,183,270
2026-09-14T21:52:07Z,lag-1789422724,2746,138,305
2026-09-14T21:55:51Z,lag-1789422948,2599,195,242
2026-09-14T21:57:04Z,lag-1789423022,2107,95,121
2026-09-14T22:02:07Z,lag-1789423325,2261,143,132
2026-09-14T22:07:10Z,lag-1789423627,2092,53,106
2026-09-14T22:12:15Z,lag-1789423932,2620,202,247
2026-09-14T22:17:19Z,lag-1789424236,2615,185,262
2026-09-14T22:22:25Z,lag-1789424542,2687,157,268
2026-09-14T22:27:21Z,lag-1789424839,2416,140,199
2026-09-14T22:32:29Z,lag-1789425146,2862,172,303
2026-09-14T22:37:30Z,lag-1789425447,2668,179,242
2026-09-14T22:42:34Z,lag-1789425750,2827,167,351
2026-09-14T22:47:33Z,lag-1789426050,2381,173,203
2026-09-14T22:52:34Z,lag-1789426351,2164,81,131
2026-09-14T22:57:40Z,lag-1789426657,2557,184,266
2026-09-14T23:02:41Z,lag-1789426958,2319,98,125
2026-09-14T23:07:44Z,lag-1789427261,2136,115,103
2026-09-14T23:12:51Z,lag-1789427568,2754,133,301
2026-09-14T23:17:48Z,lag-1789427866,2084,86,107
2026-09-14T23:22:56Z,lag-1789428172,2908,176,344
2026-09-14T23:27:54Z,lag-1789428472,2145,143,121
2026-09-14T23:32:59Z,lag-1789428777,2298,131,157
2026-09-14T23:38:00Z,lag-1789429077,2432,93,164
2026-09-14T23:43:05Z,lag-1789429382,2462,156,219
2026-09-14T23:48:05Z,lag-1789429683,2148,135,110
2026-09-14T23:53:13Z,lag-1789429990,2687,364,248
2026-09-14T23:58:17Z,lag-1789430294,2704,118,295
2026-09-15T00:03:17Z,lag-1789430594,2667,177,264
2026-09-15T00:08:18Z,lag-1789430895,2679,171,270
2026-09-15T00:13:21Z,lag-1789431198,2976,144,275
2026-09-15T00:18:24Z,lag-1789431501,2344,99,168
2026-09-15T00:23:26Z,lag-1789431803,2471,132,208
2026-09-15T00:27:39Z,lag-1789432057,2322,139,176
2026-09-15T00:28:28Z,lag-1789432106,2415,136,174
2026-09-15T00:33:33Z,lag-1789432410,2623,121,205
2026-09-15T00:38:38Z,lag-1789432715,2739,179,320
2026-09-15T00:43:37Z,lag-1789433014,2649,176,275
2026-09-15T00:48:41Z,lag-1789433318,2635,189,287
2026-09-15T00:53:41Z,lag-1789433618,2585,157,305
2026-09-15T00:58:49Z,lag-1789433926,2842,129,309
2026-09-15T01:03:45Z,lag-1789434223,2185,94,100
2026-09-15T01:08:47Z,lag-1789434524,2533,119,201
2026-09-15T01:13:56Z,lag-1789434833,2726,158,309
2026-09-15T01:18:55Z,lag-1789435133,2376,152,205
2026-09-15T01:23:56Z,lag-1789435434,2097,107,130
2026-09-15T01:29:00Z,lag-1789435737,2472,176,207
2026-09-15T01:34:07Z,lag-1789436044,2823,160,335
2026-09-15T01:39:06Z,lag-1789436343,2670,170,309
2026-09-15T01:44:06Z,lag-1789436644,2124,76,116
2026-09-15T01:49:45Z,lag-1789436983,2163,64,113
2026-09-15T01:54:14Z,lag-1789437251,2718,160,266
2026-09-15T01:59:14Z,lag-1789437552,2246,138,115
2026-09-15T02:04:20Z,lag-1789437857,2729,176,283
2026-09-15T02:09:24Z,lag-1789438162,2391,159,219
2026-09-15T02:14:25Z,lag-1789438462,2429,141,194
2026-09-15T02:19:32Z,lag-1789438769,2765,141,325
2026-09-15T02:24:28Z,lag-1789439066,2109,68,115
2026-09-15T02:29:33Z,lag-1789439371,2324,152,193
2026-09-15T02:34:39Z,lag-1789439676,2732,119,302
2026-09-15T02:39:41Z,lag-1789439978,2639,163,326
2026-09-15T02:44:42Z,lag-1789440279,3035,169,282
2026-09-15T02:49:46Z,lag-1789440583,2620,181,299
2026-09-15T02:54:50Z,lag-1789440886,2751,157,332
2026-09-15T02:59:49Z,lag-1789441186,2684,195,289
2026-09-15T03:04:55Z,lag-1789441492,2595,185,278
2026-09-15T03:09:58Z,lag-1789441794,4082,209,239
2026-09-15T03:14:56Z,lag-1789442093,2496,148,219
2026-09-15T03:20:04Z,lag-1789442401,2779,130,340
2026-09-15T03:25:01Z,lag-1789442698,2407,164,190
2026-09-15T03:30:09Z,lag-1789443005,2859,141,297
2026-09-15T03:35:11Z,lag-1789443308,2730,164,265
2026-09-15T03:40:14Z,lag-1789443611,2866,192,306
2026-09-15T03:45:15Z,lag-1789443912,2668,171,296
2026-09-15T03:50:19Z,lag-1789444216,2747,118,312
2026-09-15T03:55:22Z,lag-1789444519,2896,154,305
2026-09-15T04:00:21Z,lag-1789444818,2476,101,163
2026-09-15T04:05:29Z,lag-1789445126,2865,131,317
2026-09-15T04:10:33Z,lag-1789445430,2687,182,249
2026-09-15T04:15:29Z,lag-1789445727,2146,114,98
2026-09-15T04:20:31Z,lag-1789446028,2301,92,159
2026-09-15T04:25:34Z,lag-1789446332,2159,53,104
2026-09-15T04:30:37Z,lag-1789446635,2104,91,183
2026-09-15T04:35:40Z,lag-1789446937,2560,94,166
2026-09-15T04:40:42Z,lag-1789447240,2226,87,128
2026-09-15T04:45:47Z,lag-1789447544,2518,150,161
2026-09-15T04:50:47Z,lag-1789447845,2162,135,115
2026-09-15T04:55:53Z,lag-1789448151,2029,123,99
2026-09-15T05:00:54Z,lag-1789448451,2267,63,239
2026-09-15T05:05:59Z,lag-1789448756,2098,73,111
2026-09-15T05:10:59Z,lag-1789449057,2172,59,100
2026-09-15T05:14:22Z,lag-1789449259,2549,151,256
2026-09-15T05:16:13Z,lag-1789449370,2600,191,283
2026-09-15T05:21:05Z,lag-1789449663,2170,52,294
2026-09-15T05:26:09Z,lag-1789449966,2649,156,247
2026-09-15T05:31:16Z,lag-1789450273,2712,162,275
2026-09-15T05:36:13Z,lag-1789450571,2048,68,102
2026-09-15T05:41:25Z,lag-1789450882,2623,132,219
2026-09-15T05:46:22Z,lag-1789451179,2322,88,156
2026-09-15T05:51:24Z,lag-1789451481,2798,203,326
2026-09-15T05:56:26Z,lag-1789451783,2689,194,281
2026-09-15T06:01:34Z,lag-1789452091,2763,188,291
2026-09-15T06:06:30Z,lag-1789452388,2288,123,155
2026-09-15T06:11:33Z,lag-1789452691,2138,78,108
2026-09-15T06:16:41Z,lag-1789452998,2853,157,336
2026-09-15T06:21:40Z,lag-1789453297,2226,130,161
2026-09-15T06:26:42Z,lag-1789453599,2295,80,168
2026-09-15T06:31:48Z,lag-1789453905,2550,167,238
2026-09-15T06:36:49Z,lag-1789454207,2242,126,163
2026-09-15T06:41:54Z,lag-1789454511,2758,146,309
2026-09-15T06:46:52Z,lag-1789454810,2186,68,108
2026-09-15T06:52:01Z,lag-1789455118,2596,370,243
2026-09-15T06:56:59Z,lag-1789455416,2473,118,195
2026-09-15T07:02:08Z,lag-1789455725,2600,165,270
2026-09-15T07:07:03Z,lag-1789456021,2402,125,106
2026-09-15T07:12:06Z,lag-1789456324,2085,131,108
2026-09-15T07:17:11Z,lag-1789456629,2637,174,281
2026-09-15T07:22:13Z,lag-1789456930,2213,93,103
2026-09-15T07:27:15Z,lag-1789457232,2188,598,110
2026-09-15T07:32:18Z,lag-1789457536,2221,92,108
2026-09-15T07:37:20Z,lag-1789457837,2173,143,122
2026-09-15T07:42:26Z,lag-1789458143,2224,75,156
2026-09-15T07:47:35Z,lag-1789458452,2470,130,190
2026-09-15T07:52:30Z,lag-1789458748,2051,126,99
2026-09-15T07:57:32Z,lag-1789459050,2244,80,192
2026-09-15T08:02:37Z,lag-1789459354,2622,180,277
2026-09-15T08:07:43Z,lag-1789459660,2886,181,277
2026-09-15T08:12:44Z,lag-1789459961,2487,105,208
2026-09-15T08:17:42Z,lag-1789460260,2157,124,122
2026-09-15T08:22:48Z,lag-1789460566,2118,63,106
2026-09-15T08:27:53Z,lag-1789460870,2998,188,288
2026-09-15T08:32:52Z,lag-1789461169,2591,150,232
2026-09-15T08:38:01Z,lag-1789461478,2833,141,322
2026-09-15T08:43:04Z,lag-1789461781,2757,132,298
2026-09-15T08:48:08Z,lag-1789462085,3119,184,330
2026-09-15T08:53:04Z,lag-1789462382,2072,211,100
2026-09-15T08:58:10Z,lag-1789462688,2335,103,159
2026-09-15T09:03:08Z,lag-1789462986,2075,79,104
2026-09-15T09:08:14Z,lag-1789463291,2365,96,165
2026-09-15T09:13:20Z,lag-1789463597,2882,152,315
2026-09-15T09:18:26Z,lag-1789463904,2192,81,151
2026-09-15T09:23:21Z,lag-1789464199,2075,83,101
2026-09-15T09:28:27Z,lag-1789464504,2677,165,277
2026-09-15T09:33:32Z,lag-1789464809,2636,162,272
2026-09-15T09:38:35Z,lag-1789465112,2859,191,332
2026-09-15T09:43:32Z,lag-1789465410,2139,105,118
2026-09-15T09:48:38Z,lag-1789465716,2080,68,102
2026-09-15T09:53:39Z,lag-1789466016,2553,177,230
2026-09-15T09:58:48Z,lag-1789466325,2826,128,313
2026-09-15T10:03:48Z,lag-1789466625,2752,138,331
2026-09-15T10:08:50Z,lag-1789466927,2668,171,254
2026-09-15T10:11:16Z,lag-1789467074,2195,119,151
2026-09-15T10:13:52Z,lag-1789467230,2342,175,184
2026-09-15T10:18:57Z,lag-1789467534,2857,128,358
2026-09-15T10:23:57Z,lag-1789467834,2675,725,285
2026-09-15T10:28:57Z,lag-1789468134,2161,138,109
2026-09-15T10:34:01Z,lag-1789468438,2899,204,311
2026-09-15T10:39:09Z,lag-1789468746,2672,138,271
2026-09-15T10:44:08Z,lag-1789469045,2789,211,297
2026-09-15T10:49:08Z,lag-1789469346,2169,62,118
2026-09-15T10:54:16Z,lag-1789469653,2530,182,239
2026-09-15T10:59:22Z,lag-1789469959,2846,122,301
2026-09-15T11:04:22Z,lag-1789470259,2877,139,317
2026-09-15T11:09:21Z,lag-1789470559,2471,127,190
2026-09-15T11:14:24Z,lag-1789470862,2336,92,160
2026-09-15T11:19:25Z,lag-1789471162,2421,177,190
2026-09-15T11:24:27Z,lag-1789471464,2307,152,110
2026-09-15T11:29:33Z,lag-1789471770,2442,144,202
2026-09-15T11:34:37Z,lag-1789472075,2537,157,204
2026-09-15T11:39:42Z,lag-1789472379,2854,200,319
2026-09-15T11:44:39Z,lag-1789472677,2485,141,209
2026-09-15T11:49:47Z,lag-1789472984,2758,154,301
2026-09-15T11:55:24Z,lag-1789473321,2823,175,322
2026-09-15T11:59:46Z,lag-1789473584,2234,110,123
2026-09-15T12:04:55Z,lag-1789473893,2634,162,273
2026-09-15T12:09:53Z,lag-1789474191,2449,148,194
2026-09-15T12:14:56Z,lag-1789474493,2116,96,103
2026-09-15T12:20:01Z,lag-1789474798,2332,133,159
2026-09-15T12:25:03Z,lag-1789475101,2426,102,179
2026-09-15T12:30:10Z,lag-1789475407,2937,128,319
2026-09-15T12:35:08Z,lag-1789475705,2386,163,200
2026-09-15T12:40:12Z,lag-1789476010,2323,79,176
2026-09-15T12:45:12Z,lag-1789476310,2112,124,112
2026-09-15T12:50:24Z,lag-1789476621,2592,182,264
2026-09-15T12:55:24Z,lag-1789476920,2895,135,320
2026-09-15T13:00:32Z,lag-1789477229,3109,151,339
2026-09-15T13:05:30Z,lag-1789477527,2824,153,327
2026-09-15T13:10:29Z,lag-1789477826,2541,124,231
2026-09-15T13:15:32Z,lag-1789478129,2318,143,182
2026-09-15T13:20:34Z,lag-1789478431,2209,84,105
2026-09-15T13:25:37Z,lag-1789478735,2236,80,108
2026-09-15T13:30:51Z,lag-1789479048,2451,127,193
2026-09-15T13:35:42Z,lag-1789479340,2196,136,115
2026-09-15T13:40:48Z,lag-1789479646,2424,149,202
2026-09-15T13:45:54Z,lag-1789479950,2967,180,322
2026-09-15T13:50:52Z,lag-1789480249,2426,154,213
2026-09-15T13:56:15Z,lag-1789480573,2292,86,102
2026-09-15T14:01:02Z,lag-1789480859,3064,150,362
2026-09-15T14:06:00Z,lag-1789481158,2199,145,106
2026-09-15T14:11:06Z,lag-1789481463,2967,161,275
2026-09-15T14:16:07Z,lag-1789481764,2340,94,161
2026-09-15T14:21:14Z,lag-1789482071,3001,178,346
2026-09-15T14:26:12Z,lag-1789482369,2351,73,114
2026-09-15T14:31:16Z,lag-1789482674,2189,134,115
2026-09-15T14:36:23Z,lag-1789482980,2656,171,261
2026-09-15T14:41:20Z,lag-1789483277,2154,140,115
2026-09-15T14:46:23Z,lag-1789483581,2170,134,107
2026-09-15T14:51:34Z,lag-1789483891,2663,173,268
2026-09-15T14:56:28Z,lag-1789484186,2175,78,117
2026-09-15T15:01:34Z,lag-1789484491,2389,112,170
2026-09-15T15:03:35Z,lag-1789484613,2266,130,169
2026-09-15T15:06:34Z,lag-1789484791,2229,156,127
2026-09-15T15:11:43Z,lag-1789485100,2662,181,268
2026-09-15T15:16:40Z,lag-1789485398,2112,82,147
2026-09-15T15:21:45Z,lag-1789485703,2311,91,118
2026-09-15T15:26:49Z,lag-1789486006,2685,184,292
2026-09-15T15:31:51Z,lag-1789486308,2164,115,120
2026-09-15T15:36:54Z,lag-1789486611,2475,136,189
2026-09-15T15:41:59Z,lag-1789486917,2592,184,250
2026-09-15T15:46:58Z,lag-1789487216,2231,95,110
2026-09-15T15:52:01Z,lag-1789487519,2174,122,111
2026-09-15T15:57:09Z,lag-1789487826,2673,182,245
2026-09-15T16:02:07Z,lag-1789488125,2221,97,123
2026-09-15T16:07:10Z,lag-1789488428,2205,76,107
2026-09-15T16:12:15Z,lag-1789488732,2866,153,303
2026-09-15T16:17:16Z,lag-1789489033,2240,156,124
2026-09-15T16:22:33Z,lag-1789489350,2739,154,265
2026-09-15T16:27:24Z,lag-1789489641,2687,144,280
2026-09-15T16:32:25Z,lag-1789489942,2361,98,169
2026-09-15T16:37:27Z,lag-1789490245,2078,121,123
2026-09-15T16:42:38Z,lag-1789490555,2510,158,196
2026-09-15T16:47:33Z,lag-1789490851,2216,137,124
2026-09-15T16:52:35Z,lag-1789491153,2151,94,104
2026-09-15T16:57:42Z,lag-1789491459,3102,184,331
2026-09-15T17:02:48Z,lag-1789491765,2822,139,304
2026-09-15T17:07:44Z,lag-1789492062,2126,134,118
2026-09-15T17:12:50Z,lag-1789492366,2842,158,285
2026-09-15T17:17:51Z,lag-1789492668,2707,161,245
2026-09-15T17:22:54Z,lag-1789492971,2653,145,203
2026-09-15T17:28:36Z,lag-1789493312,2845,142,324
2026-09-15T17:33:02Z,lag-1789493579,2735,174,243
2026-09-15T17:38:01Z,lag-1789493879,2128,89,107
2026-09-15T17:43:06Z,lag-1789494183,2776,164,276
2026-09-15T17:48:07Z,lag-1789494485,2334,143,157
2026-09-15T17:53:09Z,lag-1789494786,2487,176,200
2026-09-15T17:58:14Z,lag-1789495091,2630,194,256
2026-09-15T18:03:15Z,lag-1789495393,2152,56,112
2026-09-15T18:08:23Z,lag-1789495700,2823,173,266
2026-09-15T18:13:24Z,lag-1789496000,2826,147,312
2026-09-15T18:18:27Z,lag-1789496304,2682,125,218
2026-09-15T18:23:28Z,lag-1789496605,2144,118,116
2026-09-15T18:28:31Z,lag-1789496908,2666,152,282
2026-09-15T18:33:38Z,lag-1789497214,2952,196,336
2026-09-15T18:38:47Z,lag-1789497524,2840,201,286
2026-09-15T18:43:43Z,lag-1789497820,2843,143,313
2026-09-15T18:48:47Z,lag-1789498124,2779,170,298
2026-09-15T18:53:49Z,lag-1789498426,2715,138,296
2026-09-15T18:57:13Z,lag-1789498630,2774,164,360
2026-09-15T18:58:55Z,lag-1789498732,2526,159,212
2026-09-15T19:03:54Z,lag-1789499030,2751,139,323
2026-09-15T19:08:57Z,lag-1789499334,2681,186,244
2026-09-15T19:13:53Z,lag-1789499631,2180,83,119
2026-09-15T19:18:56Z,lag-1789499934,2243,83,112
2026-09-15T19:24:00Z,lag-1789500238,2124,73,106
2026-09-15T19:29:02Z,lag-1789500540,2395,126,165
2026-09-15T19:34:07Z,lag-1789500844,2781,173,281
2026-09-15T19:39:16Z,lag-1789501153,2713,200,272
2026-09-15T19:44:16Z,lag-1789501453,2705,170,269
2026-09-15T19:49:15Z,lag-1789501752,2452,154,222
2026-09-15T19:54:22Z,lag-1789502058,2871,168,275
2026-09-15T19:59:23Z,lag-1789502360,2796,170,307
2026-09-15T20:04:28Z,lag-1789502665,2754,173,287
2026-09-15T20:09:30Z,lag-1789502967,2915,129,321
2026-09-15T20:14:33Z,lag-1789503270,2763,128,304
2026-09-15T20:19:30Z,lag-1789503568,2278,123,119
2026-09-15T20:24:34Z,lag-1789503871,2381,127,174
2026-09-15T20:29:41Z,lag-1789504178,2862,123,300
2026-09-15T20:34:40Z,lag-1789504477,2469,146,202
2026-09-15T20:39:43Z,lag-1789504781,2126,71,101
2026-09-15T20:44:59Z,lag-1789505096,2413,134,202
2026-09-15T20:49:50Z,lag-1789505387,2620,200,274
2026-09-15T20:54:50Z,lag-1789505687,2121,72,106
2026-09-15T20:59:51Z,lag-1789505988,2514,143,202
2026-09-15T21:05:00Z,lag-1789506296,2739,170,294
2026-09-15T21:10:06Z,lag-1789506603,2934,161,310
2026-09-15T21:15:04Z,lag-1789506902,2457,146,235
2026-09-15T21:20:07Z,lag-1789507204,2768,175,277
2026-09-15T21:25:13Z,lag-1789507510,3040,208,318
2026-09-15T21:30:10Z,lag-1789507808,2321,83,156
2026-09-15T21:35:16Z,lag-1789508113,2342,85,152
2026-09-15T21:40:21Z,lag-1789508417,2926,274,320
2026-09-15T21:45:18Z,lag-1789508716,2127,135,126
2026-09-15T21:50:21Z,lag-1789509019,2212,128,103
2026-09-15T21:55:32Z,lag-1789509329,2825,242,274
2026-09-15T22:00:28Z,lag-1789509625,2819,181,128
2026-09-15T22:05:31Z,lag-1789509929,2306,116,127
2026-09-15T22:06:33Z,lag-1789509991,2171,124,100
2026-09-15T22:10:38Z,lag-1789510235,2593,153,300
2026-09-15T22:15:35Z,lag-1789510532,2090,66,118
2026-09-15T22:20:37Z,lag-1789510834,2197,167,121
2026-09-15T22:25:44Z,lag-1789511141,2693,174,284
2026-09-15T22:30:44Z,lag-1789511441,3032,200,313
2026-09-15T22:35:45Z,lag-1789511743,2045,70,112
2026-09-15T22:40:53Z,lag-1789512050,2546,184,242
2026-09-15T22:45:59Z,lag-1789512355,2805,154,279
2026-09-15T22:50:59Z,lag-1789512656,2894,184,362
2026-09-15T22:55:56Z,lag-1789512954,2455,129,159
2026-09-15T23:01:06Z,lag-1789513263,3513,185,255
2026-09-15T23:06:09Z,lag-1789513566,2735,141,303
2026-09-15T23:11:06Z,lag-1789513863,2151,122,101
2026-09-15T23:16:09Z,lag-1789514166,2226,67,101
2026-09-15T23:21:13Z,lag-1789514470,2706,153,281
2026-09-15T23:26:13Z,lag-1789514770,2197,135,118
2026-09-15T23:31:18Z,lag-1789515075,2828,213,248
2026-09-15T23:36:19Z,lag-1789515377,2172,60,111
2026-09-15T23:41:57Z,lag-1789515715,2147,71,109
2026-09-15T23:46:25Z,lag-1789515983,2452,111,173
2026-09-15T23:51:32Z,lag-1789516289,2791,132,294
2026-09-15T23:56:36Z,lag-1789516593,2748,172,273
2026-09-16T00:01:37Z,lag-1789516894,2789,159,353
2026-09-16T00:06:34Z,lag-1789517191,2201,156,120
2026-09-16T00:11:43Z,lag-1789517500,2704,170,252
2026-09-16T00:16:40Z,lag-1789517798,2175,59,108
2026-09-16T00:19:13Z,lag-1789517950,2768,143,298
2026-09-16T00:21:46Z,lag-1789518103,2653,183,280
2026-09-16T00:26:52Z,lag-1789518409,2663,197,249
2026-09-16T00:31:57Z,lag-1789518714,2894,178,322
2026-09-16T00:36:58Z,lag-1789519015,2885,186,320
2026-09-16T00:41:55Z,lag-1789519312,2482,158,194
2026-09-16T00:47:00Z,lag-1789519617,2667,165,261
2026-09-16T00:52:04Z,lag-1789519921,2912,210,342
2026-09-16T00:57:09Z,lag-1789520226,2771,137,302
2026-09-16T01:02:11Z,lag-1789520528,2945,205,334
2026-09-16T01:07:13Z,lag-1789520830,2767,153,272
2026-09-16T01:12:13Z,lag-1789521130,2624,140,209
2026-09-16T01:17:15Z,lag-1789521433,2476,171,226
2026-09-16T01:23:24Z,lag-1789521802,2261,70,101
2026-09-16T01:27:26Z,lag-1789522043,2572,187,248
2026-09-16T01:32:21Z,lag-1789522339,2138,63,104
2026-09-16T01:37:29Z,lag-1789522646,2812,139,318
2026-09-16T01:42:29Z,lag-1789522947,2428,126,250
2026-09-16T01:47:31Z,lag-1789523248,2323,110,166
2026-09-16T01:52:32Z,lag-1789523550,2164,117,119
2026-09-16T01:57:41Z,lag-1789523857,2631,772,243
2026-09-16T02:02:38Z,lag-1789524156,2191,90,133
2026-09-16T02:07:44Z,lag-1789524461,2502,170,217
2026-09-16T02:12:48Z,lag-1789524765,2688,190,282
2026-09-16T02:17:49Z,lag-1789525066,2330,622,114
2026-09-16T02:22:56Z,lag-1789525373,2901,129,337
2026-09-16T02:27:54Z,lag-1789525672,2133,54,114
2026-09-16T02:33:05Z,lag-1789525982,2879,130,310
2026-09-16T02:37:58Z,lag-1789526276,2144,136,116
2026-09-16T02:43:07Z,lag-1789526584,2779,187,355
2026-09-16T02:48:09Z,lag-1789526886,2655,184,243
2026-09-16T02:53:09Z,lag-1789527187,2430,140,192
2026-09-16T02:58:10Z,lag-1789527487,2236,128,112
2026-09-16T03:03:19Z,lag-1789527796,2657,187,240
2026-09-16T03:08:14Z,lag-1789528092,2226,116,167
2026-09-16T03:13:19Z,lag-1789528397,2478,104,157
2026-09-16T03:18:22Z,lag-1789528699,2474,167,193
2026-09-16T03:23:31Z,lag-1789529008,2647,165,269
2026-09-16T03:28:27Z,lag-1789529304,2104,97,100
2026-09-16T03:33:34Z,lag-1789529611,2572,175,241
2026-09-16T03:38:32Z,lag-1789529909,2512,174,196
2026-09-16T03:43:39Z,lag-1789530216,2715,174,250
2026-09-16T03:48:42Z,lag-1789530519,2596,177,239
2026-09-16T03:53:43Z,lag-1789530821,2148,90,106
2026-09-16T03:58:45Z,lag-1789531122,2642,166,259
2026-09-16T04:03:52Z,lag-1789531429,2819,143,305
2026-09-16T04:08:53Z,lag-1789531730,2818,142,315
2026-09-16T04:13:55Z,lag-1789532032,2663,172,288
2026-09-16T04:18:56Z,lag-1789532333,2660,197,251
2026-09-16T04:23:56Z,lag-1789532633,2268,214,103
2026-09-16T04:29:01Z,lag-1789532938,2442,163,189
2026-09-16T04:34:03Z,lag-1789533240,2317,74,125
2026-09-16T04:39:10Z,lag-1789533547,2742,129,309
2026-09-16T04:44:06Z,lag-1789533844,2103,77,102
2026-09-16T04:49:10Z,lag-1789534148,2443,121,147
2026-09-16T04:54:13Z,lag-1789534451,2156,120,127
2026-09-16T04:59:17Z,lag-1789534754,2523,145,193
2026-09-16T05:01:25Z,lag-1789534882,2771,130,312
2026-09-16T05:04:18Z,lag-1789535056,2178,52,100
2026-09-16T05:09:26Z,lag-1789535363,2797,159,408
2026-09-16T05:14:28Z,lag-1789535665,2880,138,329
2026-09-16T05:19:24Z,lag-1789535961,2492,152,201
2026-09-16T05:24:29Z,lag-1789536267,2210,109,94
2026-09-16T05:29:30Z,lag-1789536567,2430,133,184
2026-09-16T05:34:40Z,lag-1789536877,3342,160,326
2026-09-16T05:39:37Z,lag-1789537175,2161,62,111
2026-09-16T05:44:44Z,lag-1789537481,2757,135,311
2026-09-16T05:49:46Z,lag-1789537783,2638,168,283
2026-09-16T05:54:48Z,lag-1789538085,2705,253,269
2026-09-16T05:59:49Z,lag-1789538386,2734,171,277
2026-09-16T06:04:50Z,lag-1789538688,2390,150,195
2026-09-16T06:09:51Z,lag-1789538988,2226,108,112
2026-09-16T06:14:56Z,lag-1789539293,2414,143,160
2026-09-16T06:20:02Z,lag-1789539599,2670,188,272
2026-09-16T06:25:05Z,lag-1789539902,2778,185,316
2026-09-16T06:30:05Z,lag-1789540202,2771,90,173
2026-09-16T06:35:12Z,lag-1789540509,2813,133,330
2026-09-16T06:40:15Z,lag-1789540813,2556,183,234
2026-09-16T06:45:11Z,lag-1789541109,2124,123,113
2026-09-16T06:50:26Z,lag-1789541423,2376,148,184
2026-09-16T06:55:17Z,lag-1789541714,2082,77,107
2026-09-16T07:00:23Z,lag-1789542019,3501,227,287
2026-09-16T07:05:23Z,lag-1789542320,2468,169,209
2026-09-16T07:10:24Z,lag-1789542622,2172,83,123
2026-09-16T07:15:28Z,lag-1789542926,2107,85,100
2026-09-16T07:20:31Z,lag-1789543228,2169,91,112
2026-09-16T07:25:38Z,lag-1789543535,2693,173,269
2026-09-16T07:30:35Z,lag-1789543833,2477,158,199
2026-09-16T07:35:37Z,lag-1789544134,2111,132,130
2026-09-16T07:40:46Z,lag-1789544443,2785,157,294
2026-09-16T07:45:43Z,lag-1789544741,2094,151,118
2026-09-16T07:50:46Z,lag-1789545044,2116,83,119
2026-09-16T07:55:57Z,lag-1789545354,2745,130,304
2026-09-16T08:00:53Z,lag-1789545650,2636,179,208
2026-09-16T08:05:58Z,lag-1789545955,2616,171,283
2026-09-16T08:11:02Z,lag-1789546259,2713,147,281
2026-09-16T08:16:03Z,lag-1789546560,2829,199,285
2026-09-16T08:21:01Z,lag-1789546859,2108,85,122
2026-09-16T08:26:15Z,lag-1789547172,2442,132,187
2026-09-16T08:31:19Z,lag-1789547476,2714,173,279
2026-09-16T08:36:12Z,lag-1789547769,2526,131,205
2026-09-16T08:41:13Z,lag-1789548071,2206,127,114
2026-09-16T08:46:17Z,lag-1789548374,2139,59,100
2026-09-16T08:51:18Z,lag-1789548676,2254,68,112
2026-09-16T08:56:21Z,lag-1789548979,2141,81,113
2026-09-16T09:01:28Z,lag-1789549285,2712,140,296
2026-09-16T09:06:28Z,lag-1789549585,2321,124,156
2026-09-16T09:11:31Z,lag-1789549889,2349,164,191
2026-09-16T09:16:33Z,lag-1789550191,2210,55,110
2026-09-16T09:21:36Z,lag-1789550493,2406,143,156
2026-09-16T09:26:37Z,lag-1789550795,2022,64,103
2026-09-16T09:31:45Z,lag-1789551102,2652,171,255
2026-09-16T09:36:43Z,lag-1789551400,2034,116,110
2026-09-16T09:41:46Z,lag-1789551703,2249,124,152
2026-09-16T09:46:50Z,lag-1789552008,2420,138,203
2026-09-16T09:51:54Z,lag-1789552311,2665,153,320
2026-09-16T09:52:33Z,lag-1789552350,2683,184,307
2026-09-16T09:56:58Z,lag-1789552615,2598,154,243
2026-09-16T10:01:57Z,lag-1789552915,2287,124,170
2026-09-16T10:07:03Z,lag-1789553220,2778,134,300
2026-09-16T10:12:06Z,lag-1789553523,2447,145,203
2026-09-16T10:17:06Z,lag-1789553824,2547,156,206
2026-09-16T10:22:07Z,lag-1789554125,2091,89,117
2026-09-16T10:27:10Z,lag-1789554428,2219,84,126
2026-09-16T10:32:14Z,lag-1789554731,2149,87,106
2026-09-16T10:37:16Z,lag-1789555034,2402,147,163
2026-09-16T10:42:56Z,lag-1789555374,2108,69,109
2026-09-16T10:47:20Z,lag-1789555638,2229,118,96
2026-09-16T10:52:26Z,lag-1789555943,2604,148,269
2026-09-16T10:57:30Z,lag-1789556247,2749,133,294
2026-09-16T11:02:34Z,lag-1789556551,2820,122,302
2026-09-16T11:07:31Z,lag-1789556849,2213,98,124
2026-09-16T11:12:37Z,lag-1789557155,2620,168,276
2026-09-16T11:17:42Z,lag-1789557459,2888,129,296
2026-09-16T11:22:43Z,lag-1789557758,2121,2091,106
2026-09-16T11:27:50Z,lag-1789558068,2380,86,161
2026-09-16T11:32:49Z,lag-1789558366,2661,189,278
2026-09-16T11:37:53Z,lag-1789558670,2635,169,246
2026-09-16T11:42:54Z,lag-1789558971,2637,159,246
2026-09-16T11:47:55Z,lag-1789559273,2119,88,131
2026-09-16T11:52:58Z,lag-1789559575,2459,138,188
2026-09-16T11:58:07Z,lag-1789559884,2856,126,304
2026-09-16T12:03:04Z,lag-1789560181,2125,658,109
2026-09-16T12:08:10Z,lag-1789560487,2700,170,283
2026-09-16T12:13:13Z,lag-1789560789,2781,117,297
2026-09-16T12:18:17Z,lag-1789561094,2777,151,279
2026-09-16T12:23:15Z,lag-1789561392,2308,106,210
2026-09-16T12:28:20Z,lag-1789561697,2773,181,277
2026-09-16T12:33:24Z,lag-1789562001,2827,132,314
2026-09-16T12:38:30Z,lag-1789562307,2815,189,339
2026-09-16T12:43:28Z,lag-1789562605,2308,133,161
2026-09-16T12:48:34Z,lag-1789562910,2837,178,314
2026-09-16T12:53:36Z,lag-1789563213,2655,191,252
2026-09-16T12:58:35Z,lag-1789563512,2447,157,225
2026-09-16T13:03:38Z,lag-1789563815,2266,114,115
2026-09-16T13:08:40Z,lag-1789564117,2361,78,116
2026-09-16T13:13:45Z,lag-1789564422,2503,164,194
2026-09-16T13:18:45Z,lag-1789564723,2209,134,108
2026-09-16T13:23:51Z,lag-1789565028,2452,147,193
2026-09-16T13:28:56Z,lag-1789565333,2729,132,359
2026-09-16T13:33:59Z,lag-1789565636,2691,173,254
2026-09-16T13:39:02Z,lag-1789565939,2678,190,265
2026-09-16T13:44:00Z,lag-1789566238,2147,126,113
2026-09-16T13:49:09Z,lag-1789566546,2639,185,238
2026-09-16T13:54:08Z,lag-1789566845,2250,113,181
2026-09-16T13:59:10Z,lag-1789567148,2112,56,111
2026-09-16T14:04:16Z,lag-1789567453,2472,160,219
2026-09-16T14:09:15Z,lag-1789567753,2207,60,118
2026-09-16T14:14:20Z,lag-1789568058,2569,177,225
2026-09-16T14:19:23Z,lag-1789568361,2180,58,101
2026-09-16T14:24:25Z,lag-1789568663,2399,136,185
2026-09-16T14:29:28Z,lag-1789568966,2193,92,136
2026-09-16T14:34:33Z,lag-1789569270,2134,104,107
2026-09-16T14:38:22Z,lag-1789569499,2300,146,149
2026-09-16T14:39:34Z,lag-1789569571,2143,78,104
2026-09-16T14:44:39Z,lag-1789569876,2509,139,552
2026-09-16T14:49:45Z,lag-1789570182,2654,170,241
2026-09-16T14:54:45Z,lag-1789570482,2298,103,169
2026-09-16T14:59:52Z,lag-1789570789,2673,149,286
2026-09-16T15:04:51Z,lag-1789571088,2331,106,165
2026-09-16T15:09:51Z,lag-1789571389,2106,100,128
2026-09-16T15:15:03Z,lag-1789571700,2785,155,306
2026-09-16T15:19:58Z,lag-1789571995,2545,147,214
2026-09-16T15:25:13Z,lag-1789572310,2906,141,299
2026-09-16T15:30:03Z,lag-1789572600,2469,95,160
2026-09-16T15:35:08Z,lag-1789572906,2555,157,200
2026-09-16T15:40:11Z,lag-1789573208,2373,100,169
2026-09-16T15:45:12Z,lag-1789573510,2127,62,115
2026-09-16T15:50:13Z,lag-1789573810,2471,160,183
2026-09-16T15:55:20Z,lag-1789574117,2114,88,108
2026-09-16T16:01:00Z,lag-1789574457,2405,140,156
2026-09-16T16:05:23Z,lag-1789574721,2093,129,95
2026-09-16T16:10:28Z,lag-1789575026,2460,158,192
2026-09-16T16:15:29Z,lag-1789575327,2121,131,113
2026-09-16T16:20:35Z,lag-1789575631,3051,189,269
2026-09-16T16:25:43Z,lag-1789575940,2608,159,287
2026-09-16T16:30:42Z,lag-1789576239,2573,188,258
2026-09-16T16:35:42Z,lag-1789576539,2652,164,282
2026-09-16T16:41:01Z,lag-1789576858,2678,164,268
2026-09-16T16:45:47Z,lag-1789577144,2196,145,108
2026-09-16T16:50:54Z,lag-1789577451,2767,144,302
2026-09-16T16:55:57Z,lag-1789577754,2736,190,237
2026-09-16T17:01:00Z,lag-1789578057,2995,173,310
2026-09-16T17:05:56Z,lag-1789578353,2501,163,198
2026-09-16T17:10:59Z,lag-1789578657,2103,129,130
2026-09-16T17:16:03Z,lag-1789578961,2172,122,113
2026-09-16T17:21:11Z,lag-1789579268,2932,181,324
2026-09-16T17:26:09Z,lag-1789579566,2556,162,218
2026-09-16T17:31:15Z,lag-1789579872,2763,181,284
2026-09-16T17:36:14Z,lag-1789580172,2124,127,115
2026-09-16T17:41:22Z,lag-1789580479,2633,208,237
2026-09-16T17:46:22Z,lag-1789580780,2538,142,211
2026-09-16T17:51:22Z,lag-1789581080,2281,77,126
2026-09-16T17:56:27Z,lag-1789581384,2449,159,203
2026-09-16T18:01:33Z,lag-1789581690,2651,160,330
2026-09-16T18:06:36Z,lag-1789581993,2717,138,306
2026-09-16T18:11:34Z,lag-1789582291,2156,99,111
2026-09-16T18:16:37Z,lag-1789582595,2061,130,115
2026-09-16T18:21:40Z,lag-1789582897,2581,150,215
2026-09-16T18:26:42Z,lag-1789583200,2454,155,207
2026-09-16T18:27:22Z,lag-1789583239,2732,278,289
2026-09-16T18:31:46Z,lag-1789583504,2313,80,125
2026-09-16T18:36:49Z,lag-1789583807,2439,136,208
2026-09-16T18:41:56Z,lag-1789584113,2797,192,306
2026-09-16T18:46:57Z,lag-1789584414,2398,113,161
2026-09-16T18:52:02Z,lag-1789584719,2834,113,313
2026-09-16T18:57:07Z,lag-1789585024,2869,145,303
2026-09-16T19:02:07Z,lag-1789585324,2541,131,274
2026-09-16T19:07:06Z,lag-1789585624,2159,67,111
2026-09-16T19:12:09Z,lag-1789585927,2127,51,105
2026-09-16T19:17:10Z,lag-1789586228,2153,108,115
2026-09-16T19:22:50Z,lag-1789586568,2226,120,112
2026-09-16T19:27:19Z,lag-1789586836,2640,177,263
2026-09-16T19:32:21Z,lag-1789587139,2317,163,166
2026-09-16T19:37:21Z,lag-1789587439,2211,79,105
2026-09-16T19:42:24Z,lag-1789587742,2133,133,104
2026-09-16T19:47:40Z,lag-1789588057,2674,164,270
2026-09-16T19:52:29Z,lag-1789588347,2422,164,227
2026-09-16T19:57:41Z,lag-1789588658,2481,164,244
2026-09-16T20:03:16Z,lag-1789588993,2773,190,403
2026-09-16T20:07:45Z,lag-1789589262,2832,158,303
2026-09-16T20:12:41Z,lag-1789589559,2160,95,116
2026-09-16T20:17:44Z,lag-1789589862,2192,87,138
2026-09-16T20:22:47Z,lag-1789590165,2196,94,121
2026-09-16T20:27:50Z,lag-1789590467,2507,144,202
2026-09-16T20:32:52Z,lag-1789590770,2214,124,139
2026-09-16T20:37:59Z,lag-1789591075,2834,130,309
2026-09-16T20:42:57Z,lag-1789591375,2186,55,111
2026-09-16T20:48:03Z,lag-1789591680,2735,184,281
2026-09-16T20:53:02Z,lag-1789591980,2574,128,209
2026-09-16T20:58:08Z,lag-1789592285,2570,169,285
2026-09-16T21:03:15Z,lag-1789592591,2792,130,310
2026-09-16T21:08:13Z,lag-1789592890,2460,116,218
2026-09-16T21:13:16Z,lag-1789593194,2342,100,167
2026-09-16T21:18:23Z,lag-1789593500,2902,169,313
2026-09-16T21:23:19Z,lag-1789593797,2162,125,103
2026-09-16T21:28:26Z,lag-1789594103,2848,123,313
2026-09-16T21:33:26Z,lag-1789594403,2378,121,193
2026-09-16T21:38:19Z,lag-1789594697,2250,118,162
2026-09-16T21:43:31Z,lag-1789595009,2163,130,119
2026-09-16T21:48:34Z,lag-1789595311,2169,78,110
2026-09-16T21:53:40Z,lag-1789595617,2668,187,258
2026-09-16T21:58:38Z,lag-1789595916,2218,130,110
2026-09-16T22:03:41Z,lag-1789596219,2252,216,157
2026-09-16T22:08:48Z,lag-1789596525,2800,139,310
2026-09-16T22:13:48Z,lag-1789596826,2205,50,105
2026-09-16T22:18:57Z,lag-1789597134,2789,198,321
2026-09-16T22:23:58Z,lag-1789597435,2806,186,316
2026-09-16T22:29:00Z,lag-1789597736,2787,145,296
2026-09-16T22:33:58Z,lag-1789598035,2222,114,154
2026-09-16T22:39:05Z,lag-1789598342,2682,181,360
2026-09-16T22:44:08Z,lag-1789598645,2709,174,270
2026-09-16T22:49:07Z,lag-1789598945,2371,138,203
2026-09-16T22:54:09Z,lag-1789599246,2291,152,189
2026-09-16T22:59:14Z,lag-1789599551,2633,190,249
2026-09-16T23:04:17Z,lag-1789599854,2740,141,310
2026-09-16T23:09:18Z,lag-1789600155,2295,141,160
2026-09-16T23:14:20Z,lag-1789600458,2151,132,114
2026-09-16T23:19:21Z,lag-1789600759,2160,75,105
2026-09-16T23:24:25Z,lag-1789601063,2157,75,106
2026-09-16T23:29:40Z,lag-1789601377,2736,180,274
2026-09-16T23:34:34Z,lag-1789601671,2817,176,285
2026-09-16T23:39:32Z,lag-1789601969,2216,105,118
2026-09-16T23:44:36Z,lag-1789602274,2418,156,209
2026-09-16T23:49:36Z,lag-1789602574,2230,127,129
2026-09-16T23:52:38Z,lag-1789602756,2083,69,112
2026-09-16T23:54:42Z,lag-1789602880,2407,162,198
2026-09-16T23:59:43Z,lag-1789603181,2243,95,157
2026-09-17T00:04:51Z,lag-1789603488,2866,144,320
2026-09-17T00:09:52Z,lag-1789603789,2658,153,297
2026-09-17T00:14:52Z,lag-1789604089,2716,180,263
2026-09-17T00:19:52Z,lag-1789604389,2403,97,120
2026-09-17T00:25:00Z,lag-1789604697,2896,176,329
2026-09-17T00:30:02Z,lag-1789604999,2699,205,280
2026-09-17T00:35:02Z,lag-1789605299,2246,93,126
2026-09-17T00:40:08Z,lag-1789605605,2310,122,154
2026-09-17T00:45:11Z,lag-1789605908,2680,192,255
2026-09-17T00:50:09Z,lag-1789606206,2231,125,113
2026-09-17T00:55:12Z,lag-1789606510,2347,158,154
2026-09-17T01:00:14Z,lag-1789606812,2231,125,317
2026-09-17T01:05:15Z,lag-1789607113,2224,91,118
2026-09-17T01:10:21Z,lag-1789607419,2460,150,187
2026-09-17T01:15:29Z,lag-1789607726,2936,135,306
2026-09-17T01:20:27Z,lag-1789608024,2278,136,174
2026-09-17T01:25:31Z,lag-1789608328,2715,177,265
2026-09-17T01:30:29Z,lag-1789608627,2122,151,110
2026-09-17T01:35:39Z,lag-1789608936,2774,178,249
2026-09-17T01:40:40Z,lag-1789609237,2656,172,308
2026-09-17T01:45:42Z,lag-1789609539,2678,180,274
2026-09-17T01:50:40Z,lag-1789609838,2176,86,114
2026-09-17T01:55:45Z,lag-1789610142,2512,149,236
2026-09-17T02:00:47Z,lag-1789610444,2285,117,112
2026-09-17T02:05:48Z,lag-1789610746,2181,144,168
2026-09-17T02:10:51Z,lag-1789611048,2613,136,141
2026-09-17T02:15:54Z,lag-1789611352,2403,159,196
2026-09-17T02:20:58Z,lag-1789611655,2407,103,172
2026-09-17T02:25:57Z,lag-1789611954,2285,58,124
2026-09-17T02:31:10Z,lag-1789612267,2562,171,214
2026-09-17T02:36:08Z,lag-1789612564,3029,142,320
2026-09-17T02:41:07Z,lag-1789612865,2107,126,112
2026-09-17T02:46:14Z,lag-1789613171,2820,210,321
2026-09-17T02:51:10Z,lag-1789613468,2367,136,114
2026-09-17T02:56:26Z,lag-1789613783,2680,164,288
2026-09-17T03:01:23Z,lag-1789614081,2449,146,197
2026-09-17T03:06:22Z,lag-1789614379,2279,137,165
2026-09-17T03:11:25Z,lag-1789614682,2200,50,109
2026-09-17T03:16:29Z,lag-1789614986,2340,94,159
2026-09-17T03:21:33Z,lag-1789615290,2695,160,283
2026-09-17T03:26:34Z,lag-1789615591,2644,193,263
2026-09-17T03:31:39Z,lag-1789615896,2735,121,379
2026-09-17T03:36:40Z,lag-1789616197,2754,140,321
2026-09-17T03:41:43Z,lag-1789616500,2848,169,343
2026-09-17T03:45:16Z,lag-1789616713,2359,97,179
2026-09-17T03:46:46Z,lag-1789616803,2725,168,280
2026-09-17T03:51:43Z,lag-1789617101,2401,156,197
2026-09-17T03:56:46Z,lag-1789617404,2222,119,112
2026-09-17T04:01:56Z,lag-1789617714,2631,180,237
2026-09-17T04:06:59Z,lag-1789618016,2681,171,279
2026-09-17T04:12:01Z,lag-1789618318,3248,147,315
2026-09-17T04:16:58Z,lag-1789618615,2066,88,109
2026-09-17T04:22:02Z,lag-1789618919,2463,151,176
2026-09-17T04:27:05Z,lag-1789619223,2197,138,108
2026-09-17T04:32:07Z,lag-1789619525,2235,148,110
2026-09-17T04:37:14Z,lag-1789619831,2777,165,307
2026-09-17T04:42:11Z,lag-1789620129,2154,68,123
2026-09-17T04:47:22Z,lag-1789620439,2724,134,291
2026-09-17T04:52:16Z,lag-1789620734,2179,98,126
2026-09-17T04:57:27Z,lag-1789621044,2782,138,298
2026-09-17T05:02:27Z,lag-1789621344,2658,182,278
2026-09-17T05:07:25Z,lag-1789621643,2333,64,115
2026-09-17T05:12:28Z,lag-1789621945,2140,126,106
2026-09-17T05:17:34Z,lag-1789622251,2671,173,281
2026-09-17T05:22:38Z,lag-1789622555,2669,143,287
2026-09-17T05:27:36Z,lag-1789622854,2197,86,125
2026-09-17T05:32:44Z,lag-1789623161,2658,142,209
2026-09-17T05:37:43Z,lag-1789623460,2470,176,200
2026-09-17T05:42:47Z,lag-1789623764,2783,210,352
2026-09-17T05:47:54Z,lag-1789624071,3064,250,315
2026-09-17T05:52:52Z,lag-1789624369,3467,154,229
2026-09-17T05:57:52Z,lag-1789624669,2224,51,110
2026-09-17T06:02:56Z,lag-1789624973,2592,111,162
2026-09-17T06:07:56Z,lag-1789625273,2375,120,164
2026-09-17T06:13:14Z,lag-1789625590,3163,185,276
2026-09-17T06:18:05Z,lag-1789625882,2864,165,288
2026-09-17T06:23:08Z,lag-1789626185,2705,153,279
2026-09-17T06:28:11Z,lag-1789626488,2824,151,234
2026-09-17T06:33:13Z,lag-1789626790,2503,119,147
2026-09-17T06:38:15Z,lag-1789627093,2275,142,125
2026-09-17T06:43:18Z,lag-1789627395,2604,95,97
2026-09-17T06:48:21Z,lag-1789627698,2537,93,123
2026-09-17T06:53:24Z,lag-1789628001,2652,100,113
2026-09-17T06:58:32Z,lag-1789628309,2944,144,316
2026-09-17T07:03:29Z,lag-1789628607,2427,123,101
2026-09-17T07:08:35Z,lag-1789628911,3009,195,238
2026-09-17T07:13:35Z,lag-1789629212,2332,143,157
2026-09-17T07:18:38Z,lag-1789629516,2464,140,185
2026-09-17T07:23:42Z,lag-1789629819,2918,181,347
2026-09-17T07:28:44Z,lag-1789630121,2622,170,261
2026-09-17T07:33:51Z,lag-1789630428,2739,159,289
2026-09-17T07:38:50Z,lag-1789630727,2724,172,301
2026-09-17T07:43:56Z,lag-1789631033,2774,145,302
2026-09-17T07:48:53Z,lag-1789631331,2084,107,127
2026-09-17T07:53:56Z,lag-1789631634,2192,69,120
2026-09-17T07:59:02Z,lag-1789631939,2732,168,276
2026-09-17T08:04:00Z,lag-1789632237,2125,121,104
2026-09-17T08:09:09Z,lag-1789632546,2901,151,311
2026-09-17T08:14:10Z,lag-1789632847,2309,114,173
2026-09-17T08:19:11Z,lag-1789633149,2444,95,101
2026-09-17T08:24:14Z,lag-1789633451,2105,71,108
2026-09-17T08:29:17Z,lag-1789633754,2068,80,111
2026-09-17T08:34:21Z,lag-1789634059,2169,121,109
2026-09-17T08:39:26Z,lag-1789634363,3043,160,258
2026-09-17T08:44:25Z,lag-1789634662,2382,127,204
2026-09-17T08:49:26Z,lag-1789634963,2464,150,236
2026-09-17T08:54:31Z,lag-1789635269,2356,127,177
2026-09-17T08:56:37Z,lag-1789635395,2112,120,101
2026-09-17T08:59:38Z,lag-1789635575,2760,142,304
2026-09-17T09:04:37Z,lag-1789635874,2233,84,112
2026-09-17T09:09:39Z,lag-1789636176,2428,140,227
2026-09-17T09:14:41Z,lag-1789636479,2271,125,147
2026-09-17T09:19:49Z,lag-1789636786,2562,195,259
2026-09-17T09:24:49Z,lag-1789637087,2419,142,198
2026-09-17T09:29:53Z,lag-1789637391,2707,159,263
2026-09-17T09:34:52Z,lag-1789637690,2073,123,106
2026-09-17T09:39:56Z,lag-1789637994,2257,122,148
2026-09-17T09:45:05Z,lag-1789638302,2390,153,180
2026-09-17T09:50:08Z,lag-1789638605,2653,149,299
2026-09-17T09:55:07Z,lag-1789638904,2177,137,124
2026-09-17T10:00:10Z,lag-1789639206,3411,167,219
2026-09-17T10:05:17Z,lag-1789639514,2776,186,312
2026-09-17T10:10:14Z,lag-1789639811,2067,130,119
2026-09-17T10:15:21Z,lag-1789640118,2708,145,264
2026-09-17T10:20:20Z,lag-1789640417,2277,153,179
2026-09-17T10:25:24Z,lag-1789640721,2144,76,121
2026-09-17T10:30:30Z,lag-1789641027,2646,185,260
2026-09-17T10:35:28Z,lag-1789641325,2135,90,122
2026-09-17T10:40:37Z,lag-1789641634,3136,145,292
2026-09-17T10:45:38Z,lag-1789641934,2829,121,296
2026-09-17T10:50:37Z,lag-1789642235,2242,97,173
2026-09-17T10:55:38Z,lag-1789642536,2257,176,118
2026-09-17T11:00:47Z,lag-1789642844,3214,241,319
2026-09-17T11:05:51Z,lag-1789643148,2887,132,311
2026-09-17T11:10:52Z,lag-1789643448,2907,155,292
2026-09-17T11:15:49Z,lag-1789643747,2178,76,111
2026-09-17T11:20:59Z,lag-1789644055,2922,153,275
2026-09-17T11:25:57Z,lag-1789644354,2659,158,291
2026-09-17T11:31:01Z,lag-1789644658,2709,173,223
2026-09-17T11:36:02Z,lag-1789644959,2485,139,197
2026-09-17T11:41:08Z,lag-1789645265,2668,177,248
2026-09-17T11:46:11Z,lag-1789645568,2803,149,415
2026-09-17T11:51:13Z,lag-1789645871,2231,67,101
2026-09-17T11:56:12Z,lag-1789646170,2113,79,124
2026-09-17T12:01:15Z,lag-1789646472,2536,116,159
2026-09-17T12:07:30Z,lag-1789646847,2766,162,309
2026-09-17T12:11:25Z,lag-1789647082,2721,133,291
2026-09-17T12:16:29Z,lag-1789647386,2893,288,321
2026-09-17T12:21:27Z,lag-1789647684,2223,134,119
2026-09-17T12:26:30Z,lag-1789647987,2133,130,99
2026-09-17T12:31:34Z,lag-1789648292,2262,98,112
2026-09-17T12:36:38Z,lag-1789648595,2604,168,274
2026-09-17T12:41:40Z,lag-1789648897,2737,173,285
2026-09-17T12:46:53Z,lag-1789649210,2439,160,198
2026-09-17T12:51:44Z,lag-1789649501,2062,77,103
2026-09-17T12:56:46Z,lag-1789649804,2494,113,225
2026-09-17T13:01:50Z,lag-1789650107,2101,119,123
2026-09-17T13:06:54Z,lag-1789650411,2702,180,283
2026-09-17T13:12:04Z,lag-1789650721,2907,188,276
2026-09-17T13:17:00Z,lag-1789651017,2613,365,204
2026-09-17T13:22:08Z,lag-1789651325,2797,132,311
2026-09-17T13:27:03Z,lag-1789651621,2152,57,111
2026-09-17T13:32:07Z,lag-1789651925,2355,141,170
2026-09-17T13:37:09Z,lag-1789652226,2179,69,116
2026-09-17T13:42:13Z,lag-1789652530,2543,162,234
2026-09-17T13:47:23Z,lag-1789652839,2808,179,338
2026-09-17T13:52:22Z,lag-1789653139,2550,151,257
2026-09-17T13:57:20Z,lag-1789653438,2078,72,110
2026-09-17T14:02:25Z,lag-1789653742,2188,136,106
2026-09-17T14:07:27Z,lag-1789654045,2094,135,108
2026-09-17T14:12:36Z,lag-1789654353,2420,152,188
2026-09-17T14:15:21Z,lag-1789654518,2797,180,327
2026-09-17T14:17:36Z,lag-1789654651,3710,167,645
2026-09-17T14:22:42Z,lag-1789654959,2636,187,253
2026-09-17T14:27:42Z,lag-1789655260,2670,280,286
2026-09-17T14:32:48Z,lag-1789655565,2867,172,345
2026-09-17T14:37:45Z,lag-1789655863,2388,149,208
2026-09-17T14:42:51Z,lag-1789656168,2661,167,282
2026-09-17T14:47:50Z,lag-1789656468,2152,72,122
2026-09-17T14:52:54Z,lag-1789656772,2124,144,101
2026-09-17T14:57:56Z,lag-1789657073,2438,149,207
2026-09-17T15:03:01Z,lag-1789657378,2484,192,213
2026-09-17T15:08:03Z,lag-1789657681,2522,146,187
2026-09-17T15:13:05Z,lag-1789657983,2319,112,121
2026-09-17T15:18:09Z,lag-1789658286,2245,69,126
2026-09-17T15:23:09Z,lag-1789658586,2226,80,123
2026-09-17T15:28:20Z,lag-1789658897,2785,122,405
2026-09-17T15:33:17Z,lag-1789659195,2049,60,114
2026-09-17T15:38:22Z,lag-1789659499,2662,149,188
2026-09-17T15:43:27Z,lag-1789659804,2720,186,254
2026-09-17T15:48:32Z,lag-1789660109,2775,278,322
2026-09-17T15:53:29Z,lag-1789660407,2114,113,130
2026-09-17T15:58:37Z,lag-1789660714,2809,136,305
2026-09-17T16:03:35Z,lag-1789661013,2184,64,114
2026-09-17T16:08:38Z,lag-1789661316,2283,103,164
2026-09-17T16:13:45Z,lag-1789661622,2673,192,256
2026-09-17T16:18:44Z,lag-1789661922,2153,94,120
2026-09-17T16:23:48Z,lag-1789662225,2106,75,107
2026-09-17T16:28:52Z,lag-1789662529,2590,155,219
2026-09-17T16:33:53Z,lag-1789662830,2570,136,232
2026-09-17T16:39:01Z,lag-1789663138,2766,175,280
2026-09-17T16:44:01Z,lag-1789663438,2657,207,210
2026-09-17T16:49:02Z,lag-1789663740,2219,125,115
2026-09-17T16:54:08Z,lag-1789664046,2452,118,192
2026-09-17T16:59:08Z,lag-1789664345,2274,102,172
2026-09-17T17:04:15Z,lag-1789664652,2957,194,307
2026-09-17T17:09:14Z,lag-1789664952,2245,77,136
2026-09-17T17:14:16Z,lag-1789665254,2205,124,121
2026-09-17T17:19:19Z,lag-1789665556,2214,141,115
2026-09-17T17:24:21Z,lag-1789665859,2152,139,123
2026-09-17T17:29:29Z,lag-1789666166,2922,167,266
2026-09-17T17:34:37Z,lag-1789666474,2837,142,295
2026-09-17T17:39:32Z,lag-1789666769,2489,137,199
2026-09-17T17:44:33Z,lag-1789667071,2264,58,104
2026-09-17T17:49:37Z,lag-1789667373,2782,179,317
2026-09-17T17:54:40Z,lag-1789667678,2391,147,208
2026-09-17T17:59:48Z,lag-1789667985,2716,166,279
2026-09-17T18:04:45Z,lag-1789668282,2526,156,238
2026-09-17T18:09:50Z,lag-1789668587,2836,188,284
2026-09-17T18:14:51Z,lag-1789668888,2705,144,188
2026-09-17T18:19:56Z,lag-1789669193,2480,167,209
2026-09-17T18:21:10Z,lag-1789669267,2283,119,163
2026-09-17T18:24:57Z,lag-1789669495,2204,93,121
2026-09-17T18:30:01Z,lag-1789669798,2367,158,191
2026-09-17T18:35:06Z,lag-1789670103,2535,135,173
2026-09-17T18:40:13Z,lag-1789670409,3016,157,875
2026-09-17T18:45:09Z,lag-1789670707,2466,149,198
2026-09-17T18:50:17Z,lag-1789671014,2889,163,345
2026-09-17T18:55:18Z,lag-1789671315,2675,161,280
2026-09-17T19:00:18Z,lag-1789671616,2401,133,154
2026-09-17T19:05:27Z,lag-1789671924,2461,135,266
2026-09-17T19:10:24Z,lag-1789672221,2128,143,108
2026-09-17T19:15:33Z,lag-1789672530,2784,182,288
2026-09-17T19:20:30Z,lag-1789672828,2192,74,117
2026-09-17T19:25:34Z,lag-1789673131,2118,141,102
2026-09-17T19:30:37Z,lag-1789673435,2312,80,165
2026-09-17T19:35:43Z,lag-1789673740,2660,172,278
2026-09-17T19:40:42Z,lag-1789674039,2278,124,119
2026-09-17T19:45:45Z,lag-1789674343,2210,58,105
2026-09-17T19:50:51Z,lag-1789674648,2843,143,307
2026-09-17T19:55:49Z,lag-1789674946,2115,87,104
2026-09-17T20:00:55Z,lag-1789675251,2590,643,168
2026-09-17T20:05:57Z,lag-1789675554,2281,95,123
2026-09-17T20:10:58Z,lag-1789675855,2180,120,101
2026-09-17T20:16:02Z,lag-1789676159,2523,145,220
2026-09-17T20:21:04Z,lag-1789676462,2256,92,114
2026-09-17T20:26:07Z,lag-1789676764,2310,82,114
2026-09-17T20:31:09Z,lag-1789677066,2468,131,191
2026-09-17T20:36:14Z,lag-1789677371,2507,152,201
2026-09-17T20:41:13Z,lag-1789677670,2382,164,187
2026-09-17T20:46:23Z,lag-1789677980,2639,208,230
2026-09-17T20:51:21Z,lag-1789678279,2106,88,144
2026-09-17T20:56:28Z,lag-1789678585,2653,182,272
2026-09-17T21:01:32Z,lag-1789678890,2663,188,281
2026-09-17T21:06:32Z,lag-1789679189,2567,141,202
2026-09-17T21:11:38Z,lag-1789679495,2889,197,356
2026-09-17T21:16:36Z,lag-1789679794,2180,62,127
2026-09-17T21:21:38Z,lag-1789680096,2162,107,128
2026-09-17T21:26:41Z,lag-1789680399,2193,160,113
2026-09-17T21:31:43Z,lag-1789680701,2238,72,101
2026-09-17T21:35:44Z,lag-1789680942,2383,119,233
2026-09-17T21:36:49Z,lag-1789681006,2392,118,176
2026-09-17T21:41:55Z,lag-1789681313,2151,91,96
2026-09-17T21:46:54Z,lag-1789681611,2808,235,323
2026-09-17T21:51:53Z,lag-1789681910,2458,175,185
2026-09-17T21:56:57Z,lag-1789682215,2401,143,182
2026-09-17T22:01:59Z,lag-1789682516,2611,149,207
2026-09-17T22:07:04Z,lag-1789682821,2316,226,173
2026-09-17T22:12:09Z,lag-1789683126,2580,174,242
2026-09-17T22:17:36Z,lag-1789683453,2728,192,300
2026-09-17T22:22:12Z,lag-1789683729,2490,147,184
2026-09-17T22:27:19Z,lag-1789684036,2366,134,222
2026-09-17T22:32:17Z,lag-1789684334,2231,83,111
2026-09-17T22:37:20Z,lag-1789684638,2133,114,113
2026-09-17T22:42:24Z,lag-1789684941,2136,51,106
2026-09-17T22:47:31Z,lag-1789685248,2759,130,302
2026-09-17T22:52:34Z,lag-1789685551,2629,185,258
2026-09-17T22:57:35Z,lag-1789685852,2766,274,265
2026-09-17T23:02:42Z,lag-1789686159,2662,177,271
2026-09-17T23:07:45Z,lag-1789686462,2765,137,292
2026-09-17T23:12:43Z,lag-1789686761,2219,75,155
2026-09-17T23:17:48Z,lag-1789687065,2652,206,233
2026-09-17T23:22:48Z,lag-1789687366,2132,83,115
2026-09-17T23:27:49Z,lag-1789687666,2129,98,108
2026-09-17T23:32:53Z,lag-1789687971,2307,102,153
2026-09-17T23:37:57Z,lag-1789688274,2664,155,283
2026-09-17T23:41:16Z,lag-1789688473,2949,133,286
2026-09-17T23:42:59Z,lag-1789688577,2154,72,113
2026-09-17T23:48:04Z,lag-1789688881,2732,174,289
2026-09-17T23:53:04Z,lag-1789689181,2487,166,200
2026-09-17T23:58:06Z,lag-1789689484,2207,142,145
2026-09-18T00:03:09Z,lag-1789689787,2239,128,127
2026-09-18T00:08:10Z,lag-1789690087,2470,142,189
2026-09-18T00:13:16Z,lag-1789690394,2427,123,181
2026-09-18T00:18:24Z,lag-1789690700,2864,190,267
2026-09-18T00:23:26Z,lag-1789691004,2479,151,175
2026-09-18T00:28:25Z,lag-1789691302,2170,128,122
2026-09-18T00:33:28Z,lag-1789691606,2201,74,117
2026-09-18T00:38:32Z,lag-1789691910,2511,126,204
2026-09-18T00:43:36Z,lag-1789692214,2609,155,315
2026-09-18T00:48:35Z,lag-1789692512,2560,155,217
2026-09-18T00:53:38Z,lag-1789692815,2177,76,114
2026-09-18T00:58:43Z,lag-1789693120,2441,130,195
2026-09-18T01:03:45Z,lag-1789693423,2161,72,141
2026-09-18T01:08:51Z,lag-1789693728,2461,151,216
2026-09-18T01:13:51Z,lag-1789694028,2471,75,116
2026-09-18T01:18:56Z,lag-1789694333,2674,157,274
2026-09-18T01:23:56Z,lag-1789694634,2323,95,157
2026-09-18T01:28:58Z,lag-1789694935,2640,155,211
2026-09-18T01:34:03Z,lag-1789695240,2582,153,206
2026-09-18T01:35:33Z,lag-1789695330,2638,180,233
2026-09-18T01:39:40Z,lag-1789695578,2134,123,105
2026-09-18T01:44:06Z,lag-1789695844,2162,80,134
2026-09-18T01:49:09Z,lag-1789696147,2235,64,106
2026-09-18T01:54:18Z,lag-1789696455,2673,179,410
2026-09-18T01:59:17Z,lag-1789696754,2418,156,220
2026-09-18T02:04:19Z,lag-1789697056,2166,657,121
2026-09-18T02:09:23Z,lag-1789697361,2426,185,230
2026-09-18T02:14:25Z,lag-1789697661,2531,1274,193
2026-09-18T02:20:07Z,lag-1789698004,2631,192,257
2026-09-18T02:24:33Z,lag-1789698270,2715,199,269
2026-09-18T02:29:32Z,lag-1789698570,2620,166,260
2026-09-18T02:34:35Z,lag-1789698873,2445,159,203
2026-09-18T02:39:36Z,lag-1789699173,2095,136,107
2026-09-18T02:44:39Z,lag-1789699476,2117,78,115
2026-09-18T02:49:45Z,lag-1789699782,2671,177,277
2026-09-18T02:54:49Z,lag-1789700086,2731,183,254
2026-09-18T02:59:50Z,lag-1789700388,2441,141,185
2026-09-18T03:04:52Z,lag-1789700689,2508,85,168
2026-09-18T03:09:55Z,lag-1789700992,2666,175,277
2026-09-18T03:15:00Z,lag-1789701296,3589,180,288
2026-09-18T03:20:34Z,lag-1789701632,2207,147,119
2026-09-18T03:25:04Z,lag-1789701901,2726,136,205
2026-09-18T03:30:04Z,lag-1789702201,2467,70,130
2026-09-18T03:35:43Z,lag-1789702541,2150,72,106
2026-09-18T03:40:17Z,lag-1789702814,2789,124,301
2026-09-18T03:45:12Z,lag-1789703109,2496,145,206
2026-09-18T03:50:18Z,lag-1789703416,2588,173,286
2026-09-18T03:55:24Z,lag-1789703721,2811,208,332
2026-09-18T04:00:29Z,lag-1789704025,3356,212,342
2026-09-18T04:05:30Z,lag-1789704327,2639,159,302
2026-09-18T04:10:31Z,lag-1789704628,2657,178,269
2026-09-18T04:15:33Z,lag-1789704930,2874,137,326
2026-09-18T04:20:36Z,lag-1789705233,2775,138,304
2026-09-18T04:25:39Z,lag-1789705535,2813,138,320
2026-09-18T04:30:39Z,lag-1789705837,2289,102,293
2026-09-18T04:35:39Z,lag-1789706137,2375,147,190
2026-09-18T04:40:44Z,lag-1789706440,3631,75,104
2026-09-18T04:45:44Z,lag-1789706742,2158,116,103
2026-09-18T04:50:49Z,lag-1789707046,2626,176,284
2026-09-18T04:55:48Z,lag-1789707346,2141,70,130
2026-09-18T05:00:56Z,lag-1789707652,3051,166,450
2026-09-18T05:05:55Z,lag-1789707952,2325,79,125
2026-09-18T05:11:03Z,lag-1789708260,2776,137,308
2026-09-18T05:15:59Z,lag-1789708556,2389,147,186
2026-09-18T05:21:06Z,lag-1789708863,2564,168,239
2026-09-18T05:26:10Z,lag-1789709167,2640,157,288
2026-09-18T05:31:12Z,lag-1789709469,2562,181,248
2026-09-18T05:36:11Z,lag-1789709769,2048,53,141
2026-09-18T05:41:16Z,lag-1789710074,2432,159,185
2026-09-18T05:46:18Z,lag-1789710376,2348,82,161
2026-09-18T05:51:20Z,lag-1789710678,2171,76,111
2026-09-18T05:56:28Z,lag-1789710985,2720,123,296
2026-09-18T06:01:27Z,lag-1789711284,2229,72,160
2026-09-18T06:06:30Z,lag-1789711587,2720,166,277
2026-09-18T06:11:29Z,lag-1789711887,2476,151,210
2026-09-18T06:16:35Z,lag-1789712192,2714,171,288
2026-09-18T06:21:36Z,lag-1789712494,2476,161,201
2026-09-18T06:26:39Z,lag-1789712797,2178,59,110
2026-09-18T06:31:41Z,lag-1789713099,2080,129,101
2026-09-18T06:36:44Z,lag-1789713402,2303,123,153
2026-09-18T06:39:31Z,lag-1789713568,2838,159,309
2026-09-18T06:41:46Z,lag-1789713704,2054,46,103
2026-09-18T06:46:51Z,lag-1789714008,2247,105,160
2026-09-18T06:51:52Z,lag-1789714310,2232,176,148
2026-09-18T06:56:59Z,lag-1789714616,2746,206,319
2026-09-18T07:02:02Z,lag-1789714919,2725,166,304
2026-09-18T07:07:01Z,lag-1789715218,2166,103,107
2026-09-18T07:12:08Z,lag-1789715525,2809,166,283
2026-09-18T07:17:13Z,lag-1789715829,2830,170,315
2026-09-18T07:22:10Z,lag-1789716128,2059,64,326
2026-09-18T07:27:19Z,lag-1789716436,2730,147,266
2026-09-18T07:32:21Z,lag-1789716738,2905,123,319
2026-09-18T07:37:20Z,lag-1789717038,2136,90,122
2026-09-18T07:42:22Z,lag-1789717340,2105,74,101
2026-09-18T07:47:27Z,lag-1789717644,2665,192,245
2026-09-18T07:52:30Z,lag-1789717947,2813,264,336
2026-09-18T07:57:33Z,lag-1789718250,2601,183,245
2026-09-18T08:02:33Z,lag-1789718551,2288,128,106
2026-09-18T08:07:39Z,lag-1789718856,2573,172,240
2026-09-18T08:12:44Z,lag-1789719161,2796,127,291
2026-09-18T08:17:42Z,lag-1789719459,2079,87,124
2026-09-18T08:22:46Z,lag-1789719763,2379,135,148
2026-09-18T08:27:51Z,lag-1789720068,2844,122,300
2026-09-18T08:32:50Z,lag-1789720368,2452,131,193
2026-09-18T08:37:51Z,lag-1789720668,2467,156,239
2026-09-18T08:42:59Z,lag-1789720976,2634,161,277
2026-09-18T08:47:57Z,lag-1789721274,2429,153,204
2026-09-18T08:53:00Z,lag-1789721578,2094,84,109
2026-09-18T08:58:08Z,lag-1789721885,2935,119,284
2026-09-18T09:03:08Z,lag-1789722185,2675,183,286
2026-09-18T09:08:11Z,lag-1789722488,2371,79,163
2026-09-18T09:13:13Z,lag-1789722790,2249,92,110
2026-09-18T09:18:15Z,lag-1789723093,2141,135,103
2026-09-18T09:23:27Z,lag-1789723404,2765,137,368
2026-09-18T09:28:26Z,lag-1789723703,2838,177,297
2026-09-18T09:33:27Z,lag-1789724004,2607,160,285
2026-09-18T09:39:08Z,lag-1789724345,2558,193,235
2026-09-18T09:43:45Z,lag-1789724622,2746,154,315
2026-09-18T09:48:31Z,lag-1789724909,2187,89,119
2026-09-18T09:53:42Z,lag-1789725219,2763,147,257
2026-09-18T09:58:39Z,lag-1789725516,2468,152,194
2026-09-18T10:03:39Z,lag-1789725817,2121,73,92
2026-09-18T10:08:43Z,lag-1789726120,2352,96,161
2026-09-18T10:13:50Z,lag-1789726427,2630,161,290
2026-09-18T10:18:48Z,lag-1789726725,2478,146,206
2026-09-18T10:23:55Z,lag-1789727032,2794,185,250
2026-09-18T10:28:59Z,lag-1789727335,2945,133,298
2026-09-18T10:34:07Z,lag-1789727644,2607,169,246
2026-09-18T10:39:02Z,lag-1789727939,2658,164,268
2026-09-18T10:44:03Z,lag-1789728241,2068,76,112
2026-09-18T10:49:24Z,lag-1789728562,2173,133,119
2026-09-18T10:54:08Z,lag-1789728845,2275,124,156
2026-09-18T10:59:12Z,lag-1789729149,2877,135,318
2026-09-18T11:04:14Z,lag-1789729451,2361,118,119
2026-09-18T11:09:19Z,lag-1789729756,2649,129,155
2026-09-18T11:14:21Z,lag-1789730058,2675,170,279
2026-09-18T11:19:21Z,lag-1789730359,2160,68,112
2026-09-18T11:24:26Z,lag-1789730664,2427,121,168
2026-09-18T11:29:30Z,lag-1789730967,2783,120,293
2026-09-18T11:34:32Z,lag-1789731270,2462,121,184
2026-09-18T11:39:35Z,lag-1789731572,2703,158,290
2026-09-18T11:44:37Z,lag-1789731875,2155,122,109
2026-09-18T11:49:46Z,lag-1789732184,2414,122,201
2026-09-18T11:51:57Z,lag-1789732315,2208,117,111
2026-09-18T11:54:42Z,lag-1789732480,2317,92,158
2026-09-18T11:59:51Z,lag-1789732788,2779,183,260
2026-09-18T12:04:49Z,lag-1789733087,2341,93,175
2026-09-18T12:09:53Z,lag-1789733390,2728,181,256
2026-09-18T12:14:53Z,lag-1789733690,2201,67,129
2026-09-18T12:19:54Z,lag-1789733992,2147,79,122
2026-09-18T12:24:58Z,lag-1789734296,2467,149,259
2026-09-18T12:30:01Z,lag-1789734599,2451,184,131
2026-09-18T12:35:05Z,lag-1789734902,2467,141,178
2026-09-18T12:40:09Z,lag-1789735206,2519,165,188
2026-09-18T12:45:15Z,lag-1789735512,2651,191,250
2026-09-18T12:50:18Z,lag-1789735815,2741,123,301
2026-09-18T12:55:21Z,lag-1789736117,3027,128,311
2026-09-18T13:00:23Z,lag-1789736419,3404,212,291
2026-09-18T13:05:25Z,lag-1789736722,2701,163,325
2026-09-18T13:10:24Z,lag-1789737022,2147,101,123
2026-09-18T13:15:33Z,lag-1789737330,2803,145,365
2026-09-18T13:20:31Z,lag-1789737629,2192,107,177
2026-09-18T13:25:33Z,lag-1789737931,2167,61,116
2026-09-18T13:30:38Z,lag-1789738235,2637,202,270
2026-09-18T13:35:51Z,lag-1789738548,2796,170,280
2026-09-18T13:40:46Z,lag-1789738842,2870,193,260
2026-09-18T13:45:44Z,lag-1789739142,2160,133,111
2026-09-18T13:50:55Z,lag-1789739452,2803,129,306
2026-09-18T13:55:54Z,lag-1789739751,2357,155,208
2026-09-18T14:01:00Z,lag-1789740057,3392,175,286
2026-09-18T14:06:34Z,lag-1789740391,2229,143,125
2026-09-18T14:11:03Z,lag-1789740661,2146,76,113
2026-09-18T14:16:03Z,lag-1789740961,2369,90,160
2026-09-18T14:21:06Z,lag-1789741264,2091,70,111
2026-09-18T14:26:08Z,lag-1789741566,2517,138,192
2026-09-18T14:31:11Z,lag-1789741869,2144,90,187
2026-09-18T14:36:20Z,lag-1789742177,2884,164,302
2026-09-18T14:41:20Z,lag-1789742477,2727,177,271
2026-09-18T14:46:21Z,lag-1789742778,2445,154,197
2026-09-18T14:51:21Z,lag-1789743079,2127,89,107
2026-09-18T14:56:29Z,lag-1789743386,2809,194,330
2026-09-18T15:01:35Z,lag-1789743692,2907,143,191
2026-09-18T15:06:35Z,lag-1789743992,2350,153,200
2026-09-18T15:11:35Z,lag-1789744293,2187,81,108
2026-09-18T15:16:39Z,lag-1789744596,2527,125,186
2026-09-18T15:21:40Z,lag-1789744898,2160,123,99
2026-09-18T15:26:45Z,lag-1789745202,2632,153,275
2026-09-18T15:31:46Z,lag-1789745503,2166,87,115
2026-09-18T15:36:49Z,lag-1789745806,2103,61,112
2026-09-18T15:41:52Z,lag-1789746109,2100,56,106
2026-09-18T15:47:02Z,lag-1789746419,2810,136,316
2026-09-18T15:51:47Z,lag-1789746704,2716,175,320
2026-09-18T15:57:01Z,lag-1789747018,2525,162,208
2026-09-18T18:51:59Z,lag-1789757516,2260,99,120
2026-09-18T21:25:37Z,lag-1789766734,2337,101,115
2026-09-18T23:32:33Z,lag-1789774350,2257,131,113
2026-09-19T01:34:06Z,lag-1789781643,2766,201,292
2026-09-19T06:36:29Z,lag-1789799787,2257,126,111
2026-09-19T06:54:50Z,lag-1789800888,2237,90,117
2026-09-19T06:59:53Z,lag-1789801191,2093,138,108
2026-09-19T07:05:06Z,lag-1789801503,2643,200,271
2026-09-19T07:09:57Z,lag-1789801795,2403,138,196
2026-09-19T07:15:05Z,lag-1789802102,2784,141,297
2026-09-19T07:20:08Z,lag-1789802405,2782,132,298
2026-09-19T07:25:10Z,lag-1789802707,2586,206,253
2026-09-19T07:30:07Z,lag-1789803004,2576,153,197
2026-09-19T07:35:46Z,lag-1789803344,2214,87,125
2026-09-19T07:40:16Z,lag-1789803613,2582,189,258
2026-09-19T07:45:14Z,lag-1789803911,2099,81,97
2026-09-19T08:18:29Z,lag-1789805906,2684,150,271
2026-09-19T09:40:20Z,lag-1789810817,2691,159,281
2026-09-19T09:51:28Z,lag-1789811486,2147,72,122
2026-09-19T09:56:38Z,lag-1789811795,2826,123,300
2026-09-19T10:01:35Z,lag-1789812093,2107,129,102
2026-09-19T10:06:40Z,lag-1789812397,2364,160,210
2026-09-19T10:28:52Z,lag-1789813729,2308,110,156
2026-09-19T10:33:53Z,lag-1789814031,2222,87,107
2026-09-19T10:39:01Z,lag-1789814338,2707,145,306
2026-09-19T10:44:02Z,lag-1789814639,2644,173,235
2026-09-19T10:49:00Z,lag-1789814938,2125,211,109
2026-09-19T10:54:09Z,lag-1789815246,2886,240,395
2026-09-19T10:59:08Z,lag-1789815545,2628,144,276
2026-09-19T11:04:11Z,lag-1789815849,2352,90,172
2026-09-19T11:09:14Z,lag-1789816151,2533,137,188
2026-09-19T11:14:18Z,lag-1789816456,2115,128,108
2026-09-19T11:19:20Z,lag-1789816757,2623,176,240
2026-09-19T11:24:21Z,lag-1789817058,2294,74,156
2026-09-19T11:29:59Z,lag-1789817396,2119,70,101
2026-09-19T11:33:46Z,lag-1789817624,2060,117,106
2026-09-19T11:34:28Z,lag-1789817666,2400,127,199
2026-09-19T11:39:29Z,lag-1789817966,2390,106,174
2026-09-19T11:44:34Z,lag-1789818271,2647,165,236
2026-09-19T11:49:34Z,lag-1789818572,2278,77,157
2026-09-19T11:54:38Z,lag-1789818875,2784,133,307
2026-09-19T11:59:43Z,lag-1789819180,2886,166,296
2026-09-19T12:04:47Z,lag-1789819484,2941,129,306
2026-09-19T12:09:47Z,lag-1789819784,2958,162,297
2026-09-19T12:14:46Z,lag-1789820084,2168,112,113
2026-09-19T12:19:50Z,lag-1789820387,2289,71,158
2026-09-19T12:24:50Z,lag-1789820687,2196,110,145
2026-09-19T12:29:58Z,lag-1789820995,2718,174,279
2026-09-19T12:34:58Z,lag-1789821295,2324,119,110
2026-09-19T12:39:59Z,lag-1789821596,2095,127,107
2026-09-19T12:45:03Z,lag-1789821901,2253,133,97
2026-09-19T12:50:09Z,lag-1789822206,2641,178,239
2026-09-19T12:55:13Z,lag-1789822510,2785,127,303
2026-09-19T13:00:11Z,lag-1789822808,2296,81,129
2026-09-19T13:05:14Z,lag-1789823111,2391,141,183
2026-09-19T13:10:20Z,lag-1789823416,2929,127,303
2026-09-19T13:15:15Z,lag-1789823713,2218,91,119
2026-09-19T13:20:21Z,lag-1789824018,2339,143,141
2026-09-19T13:25:25Z,lag-1789824322,2731,161,276
2026-09-19T14:46:33Z,lag-1789829191,2421,117,197
2026-09-19T16:03:51Z,lag-1789833828,2746,153,280
2026-09-19T16:08:51Z,lag-1789834129,2137,75,102
2026-09-19T16:13:58Z,lag-1789834435,2315,149,107
2026-09-19T16:19:00Z,lag-1789834737,2456,133,210
2026-09-19T16:24:06Z,lag-1789835043,2901,206,324
2026-09-19T16:29:04Z,lag-1789835342,2237,136,112
2026-09-19T16:34:10Z,lag-1789835647,2195,76,105
2026-09-19T16:39:09Z,lag-1789835946,2315,86,106
2026-09-19T16:44:15Z,lag-1789836252,2719,169,269
2026-09-19T16:49:14Z,lag-1789836552,2141,116,102
2026-09-19T16:54:22Z,lag-1789836859,2723,136,305
2026-09-19T16:59:23Z,lag-1789837160,2550,176,232
2026-09-19T17:04:27Z,lag-1789837464,2858,191,294
2026-09-19T17:09:25Z,lag-1789837763,2070,122,114
2026-09-19T17:14:32Z,lag-1789838069,2398,103,158
2026-09-19T17:19:33Z,lag-1789838370,2298,121,148
2026-09-19T17:24:39Z,lag-1789838676,2793,264,280
2026-09-19T17:29:42Z,lag-1789838979,2867,174,350
2026-09-19T17:34:44Z,lag-1789839281,2722,179,281
2026-09-19T17:39:43Z,lag-1789839581,2578,177,240
2026-09-19T17:44:50Z,lag-1789839886,2773,137,301
2026-09-19T17:49:51Z,lag-1789840188,2555,175,258
2026-09-19T17:54:55Z,lag-1789840492,2759,189,314
2026-09-19T17:59:56Z,lag-1789840793,2626,188,226
2026-09-19T18:05:00Z,lag-1789841097,2834,215,320
2026-09-19T18:09:58Z,lag-1789841396,2454,166,217
2026-09-19T18:15:05Z,lag-1789841702,2855,140,296
2026-09-19T18:20:01Z,lag-1789841998,2372,168,197
2026-09-19T18:25:10Z,lag-1789842307,2758,165,306
2026-09-19T18:30:13Z,lag-1789842610,2686,191,242
2026-09-19T18:35:14Z,lag-1789842912,2324,166,172
2026-09-19T18:40:15Z,lag-1789843212,2183,127,107
2026-09-19T18:45:14Z,lag-1789843512,2423,152,195
2026-09-19T18:50:25Z,lag-1789843822,2442,146,186
2026-09-19T18:55:24Z,lag-1789844122,2194,76,170
2026-09-19T19:00:30Z,lag-1789844426,3007,183,314
2026-09-19T19:05:28Z,lag-1789844725,2081,129,117
2026-09-19T19:10:31Z,lag-1789845028,2260,85,147
2026-09-19T19:15:38Z,lag-1789845335,2830,137,306
2026-09-19T19:20:38Z,lag-1789845635,2588,174,250
2026-09-19T19:25:50Z,lag-1789845947,2697,132,297
2026-09-19T19:30:42Z,lag-1789846239,2858,242,264
2026-09-19T19:34:14Z,lag-1789846451,2764,127,316
2026-09-19T19:35:47Z,lag-1789846544,2805,256,271
2026-09-19T19:40:46Z,lag-1789846844,2125,119,108
2026-09-19T19:45:48Z,lag-1789847146,2177,77,105
2026-09-19T19:50:51Z,lag-1789847448,2435,163,184
2026-09-19T19:55:55Z,lag-1789847753,2274,136,143
2026-09-19T20:00:58Z,lag-1789848056,2396,71,152
2026-09-19T20:05:59Z,lag-1789848356,2464,183,195
2026-09-19T20:11:05Z,lag-1789848662,2569,183,199
2026-09-19T20:16:08Z,lag-1789848966,2262,121,154
2026-09-19T20:21:10Z,lag-1789849268,2334,112,178
2026-09-19T20:26:14Z,lag-1789849571,2756,149,305
2026-09-19T20:31:15Z,lag-1789849873,2426,134,211
2026-09-19T20:36:17Z,lag-1789850174,2673,146,285
2026-09-19T20:41:16Z,lag-1789850474,2167,98,142
2026-09-19T20:46:20Z,lag-1789850777,2245,129,125
2026-09-19T20:51:25Z,lag-1789851082,2566,189,260
2026-09-19T20:56:25Z,lag-1789851382,2057,82,111
2026-09-19T21:01:33Z,lag-1789851690,2843,188,309
2026-09-19T21:06:33Z,lag-1789851991,2342,145,191
2026-09-19T21:11:38Z,lag-1789852295,2790,135,302
2026-09-19T21:16:40Z,lag-1789852597,2743,149,272
2026-09-19T21:21:37Z,lag-1789852895,2064,60,105
2026-09-19T21:26:42Z,lag-1789853199,2327,164,172
2026-09-19T21:31:49Z,lag-1789853506,2801,196,324
2026-09-19T21:36:46Z,lag-1789853804,2442,140,203
2026-09-19T21:41:59Z,lag-1789854116,2687,181,281
2026-09-19T21:45:04Z,lag-1789854301,2896,181,256
2026-09-19T21:46:54Z,lag-1789854411,2619,187,224
2026-09-19T21:51:55Z,lag-1789854712,2553,164,281
2026-09-19T21:56:56Z,lag-1789855013,2855,190,390
2026-09-19T22:02:00Z,lag-1789855317,2317,128,150
2026-09-19T22:07:00Z,lag-1789855618,2153,84,103
2026-09-19T22:12:07Z,lag-1789855925,2153,141,122
2026-09-19T22:17:08Z,lag-1789856226,2140,70,118
2026-09-19T22:22:10Z,lag-1789856527,2544,128,190
2026-09-19T22:27:15Z,lag-1789856832,2667,207,226
2026-09-19T22:32:14Z,lag-1789857132,2110,136,110
2026-09-19T22:37:18Z,lag-1789857435,2671,222,238
2026-09-19T22:42:19Z,lag-1789857736,2438,157,205
2026-09-19T22:47:22Z,lag-1789858039,2170,126,113
2026-09-19T22:52:24Z,lag-1789858342,2082,125,113
2026-09-19T22:57:28Z,lag-1789858646,2231,93,114
2026-09-19T23:02:31Z,lag-1789858948,2434,133,183
2026-09-19T23:07:36Z,lag-1789859253,2798,176,327
2026-09-19T23:12:36Z,lag-1789859554,2168,94,122
2026-09-19T23:17:37Z,lag-1789859855,2092,138,103
2026-09-19T23:23:16Z,lag-1789860194,2064,53,104
2026-09-19T23:27:43Z,lag-1789860461,2060,74,104
2026-09-19T23:32:53Z,lag-1789860770,2415,170,183
2026-09-19T23:37:54Z,lag-1789861071,2708,155,304
2026-09-19T23:39:19Z,lag-1789861156,2187,93,103
2026-09-19T23:42:51Z,lag-1789861369,2280,136,154
2026-09-19T23:47:52Z,lag-1789861670,2174,51,108
2026-09-19T23:52:58Z,lag-1789861975,2597,136,272
2026-09-19T23:58:03Z,lag-1789862280,2777,134,297
2026-09-20T00:03:01Z,lag-1789862578,2420,193,216
2026-09-20T00:08:05Z,lag-1789862882,2640,190,234
2026-09-20T00:13:12Z,lag-1789863189,2793,137,303
2026-09-20T00:18:09Z,lag-1789863486,2258,89,128
2026-09-20T00:23:12Z,lag-1789863790,2321,90,124
2026-09-20T00:28:18Z,lag-1789864096,2142,97,119
2026-09-20T00:33:17Z,lag-1789864395,2115,77,102
2026-09-20T00:38:19Z,lag-1789864696,2169,80,111
2026-09-20T00:43:22Z,lag-1789865000,2133,117,103
2026-09-20T00:48:23Z,lag-1789865301,2141,91,104
2026-09-20T00:53:31Z,lag-1789865608,2728,156,297
2026-09-20T00:58:36Z,lag-1789865913,2852,168,351
2026-09-20T01:03:37Z,lag-1789866213,2793,188,329
2026-09-20T01:08:36Z,lag-1789866514,2492,137,176
2026-09-20T01:13:40Z,lag-1789866816,2784,185,239
2026-09-20T01:19:15Z,lag-1789867153,2237,136,118
2026-09-20T01:23:44Z,lag-1789867422,2278,131,164
2026-09-20T01:28:45Z,lag-1789867722,2282,124,151
2026-09-20T01:33:53Z,lag-1789868030,2838,144,313
2026-09-20T01:38:50Z,lag-1789868327,2650,148,202
2026-09-20T01:42:24Z,lag-1789868542,2443,160,181
2026-09-20T01:43:53Z,lag-1789868631,2215,122,107
2026-09-20T01:48:54Z,lag-1789868932,2333,170,179
2026-09-20T01:54:00Z,lag-1789869237,2767,303,257
2026-09-20T01:59:04Z,lag-1789869541,2860,177,312
2026-09-20T02:04:04Z,lag-1789869841,2276,136,183
2026-09-20T02:09:16Z,lag-1789870153,3262,250,465
2026-09-20T02:14:13Z,lag-1789870450,2611,194,274
2026-09-20T02:19:09Z,lag-1789870747,2392,155,187
2026-09-20T02:24:13Z,lag-1789871051,2111,83,113
2026-09-20T02:29:19Z,lag-1789871356,2730,177,313
2026-09-20T02:34:19Z,lag-1789871657,2097,104,111
2026-09-20T02:39:20Z,lag-1789871958,2444,141,196
2026-09-20T02:44:22Z,lag-1789872260,2064,74,108
2026-09-20T02:49:31Z,lag-1789872568,2580,199,247
2026-09-20T02:54:27Z,lag-1789872865,2413,137,211
2026-09-20T02:59:30Z,lag-1789873168,2170,141,150
2026-09-20T03:04:33Z,lag-1789873470,2303,137,161
2026-09-20T03:09:39Z,lag-1789873776,2536,188,238
2026-09-20T03:14:44Z,lag-1789874081,2755,156,297
2026-09-20T03:19:42Z,lag-1789874379,2117,52,114
2026-09-20T03:24:44Z,lag-1789874682,2116,91,114
2026-09-20T03:30:22Z,lag-1789875020,2236,105,111
2026-09-20T03:34:49Z,lag-1789875286,2145,86,106
2026-09-20T03:39:55Z,lag-1789875592,2590,191,247
2026-09-20T03:44:53Z,lag-1789875890,2637,187,366
2026-09-20T03:50:02Z,lag-1789876199,2593,198,249
2026-09-20T03:55:02Z,lag-1789876499,2398,131,177
2026-09-20T04:00:10Z,lag-1789876802,7079,309,555
2026-09-20T04:05:44Z,lag-1789877141,2390,143,190
2026-09-20T04:10:12Z,lag-1789877409,2715,175,233
2026-09-20T04:15:17Z,lag-1789877714,3020,210,307
2026-09-20T04:20:13Z,lag-1789878010,2191,118,107
2026-09-20T04:25:16Z,lag-1789878314,2209,121,103
2026-09-20T04:30:21Z,lag-1789878618,2596,190,223
2026-09-20T04:35:19Z,lag-1789878917,2426,139,199
2026-09-20T04:40:32Z,lag-1789879228,2759,188,297
2026-09-20T04:45:29Z,lag-1789879526,2715,141,310
2026-09-20T04:50:33Z,lag-1789879830,2705,180,275
2026-09-20T04:55:32Z,lag-1789880130,2152,78,122
2026-09-20T05:00:39Z,lag-1789880436,2732,192,315
2026-09-20T05:05:54Z,lag-1789880750,3265,802,450
2026-09-20T05:10:45Z,lag-1789881042,2798,130,303
2026-09-20T05:15:42Z,lag-1789881340,2151,54,104
2026-09-20T05:20:42Z,lag-1789881639,2360,160,196
2026-09-20T05:25:46Z,lag-1789881943,2443,131,194
2026-09-20T05:30:49Z,lag-1789882246,2680,176,288
2026-09-20T05:35:52Z,lag-1789882549,2482,145,201
2026-09-20T05:40:57Z,lag-1789882854,2762,126,223
2026-09-20T05:45:58Z,lag-1789883156,2259,130,154
2026-09-20T05:51:03Z,lag-1789883460,2724,182,226
2026-09-20T05:56:04Z,lag-1789883761,2660,191,280
2026-09-20T06:01:09Z,lag-1789884065,3180,146,329
2026-09-20T06:06:08Z,lag-1789884366,2278,123,155
2026-09-20T06:11:46Z,lag-1789884704,2127,86,107
2026-09-20T06:16:12Z,lag-1789884969,2160,114,107
2026-09-20T06:21:16Z,lag-1789885273,2876,119,203
2026-09-20T06:26:18Z,lag-1789885576,2116,141,117
2026-09-20T06:31:20Z,lag-1789885878,2148,133,103
2026-09-20T06:36:25Z,lag-1789886182,2109,85,120
2026-09-20T06:41:27Z,lag-1789886485,2096,66,98
2026-09-20T06:46:27Z,lag-1789886785,2092,70,105
2026-09-20T06:51:33Z,lag-1789887090,2333,178,172
2026-09-20T06:56:39Z,lag-1789887397,2520,128,187
2026-09-20T07:01:38Z,lag-1789887696,2163,70,119
2026-09-20T07:05:21Z,lag-1789887918,2827,177,294
2026-09-20T07:06:41Z,lag-1789887999,2426,153,184
2026-09-20T07:11:42Z,lag-1789888300,2053,89,144
2026-09-20T07:16:55Z,lag-1789888612,3010,134,294
2026-09-20T07:21:52Z,lag-1789888909,2856,137,311
2026-09-20T07:26:55Z,lag-1789889212,2808,190,323
2026-09-20T07:31:58Z,lag-1789889515,2807,131,298
2026-09-20T07:36:53Z,lag-1789889811,2116,83,106
2026-09-20T07:42:00Z,lag-1789890117,2664,180,280
2026-09-20T07:47:04Z,lag-1789890421,2712,152,274
2026-09-20T07:52:09Z,lag-1789890726,2751,123,302
2026-09-20T07:57:12Z,lag-1789891030,2593,166,275
2026-09-20T08:02:10Z,lag-1789891328,2140,122,112
2026-09-20T08:07:18Z,lag-1789891635,2649,174,248
2026-09-20T08:12:16Z,lag-1789891933,2165,139,111
2026-09-20T08:17:18Z,lag-1789892235,2308,82,123
2026-09-20T08:22:20Z,lag-1789892538,2182,143,115
2026-09-20T08:27:24Z,lag-1789892841,2452,142,202
2026-09-20T08:32:30Z,lag-1789893147,2580,164,275
2026-09-20T08:37:35Z,lag-1789893452,2678,257,272
2026-09-20T08:42:38Z,lag-1789893755,2982,134,307
2026-09-20T08:47:40Z,lag-1789894057,2760,151,305
2026-09-20T08:52:43Z,lag-1789894360,2616,145,195
2026-09-20T08:57:40Z,lag-1789894657,2486,113,187
2026-09-20T09:02:42Z,lag-1789894959,2334,94,150
2026-09-20T09:07:46Z,lag-1789895264,2189,131,108
2026-09-20T09:12:51Z,lag-1789895568,2897,163,303
2026-09-20T09:17:53Z,lag-1789895870,2685,169,241
2026-09-20T09:22:57Z,lag-1789896174,2531,186,268
2026-09-20T09:27:54Z,lag-1789896472,2067,72,98
2026-09-20T09:32:59Z,lag-1789896777,2463,111,195
2026-09-20T09:38:00Z,lag-1789897078,2263,73,117
2026-09-20T09:43:03Z,lag-1789897381,2269,100,159
2026-09-20T09:48:07Z,lag-1789897684,2394,126,178
2026-09-20T09:53:10Z,lag-1789897988,2348,155,168
2026-09-20T09:58:15Z,lag-1789898291,2736,138,339
2026-09-20T10:03:15Z,lag-1789898593,2288,88,158
2026-09-20T10:08:18Z,lag-1789898895,2230,93,152
2026-09-20T10:13:19Z,lag-1789899196,2640,157,314
2026-09-20T10:18:21Z,lag-1789899498,2398,115,182
2026-09-20T10:23:25Z,lag-1789899802,2342,125,189
2026-09-20T10:28:31Z,lag-1789900108,2879,163,322
2026-09-20T10:33:31Z,lag-1789900409,2463,128,181
2026-09-20T10:38:34Z,lag-1789900712,2246,125,111
2026-09-20T10:43:41Z,lag-1789901018,2686,157,273
2026-09-20T10:48:39Z,lag-1789901317,2128,127,134
2026-09-20T10:53:45Z,lag-1789901622,2813,131,312
2026-09-20T10:58:41Z,lag-1789901919,2033,128,106
2026-09-20T11:03:45Z,lag-1789902223,2167,127,114
2026-09-20T11:08:47Z,lag-1789902525,2162,59,108
2026-09-20T11:13:53Z,lag-1789902830,2613,196,237
2026-09-20T11:18:53Z,lag-1789903130,2184,65,118
2026-09-20T11:24:01Z,lag-1789903438,2815,193,297
2026-09-20T11:28:58Z,lag-1789903736,2540,148,201
2026-09-20T11:34:06Z,lag-1789904043,2778,166,308
2026-09-20T11:39:05Z,lag-1789904342,2377,162,206
2026-09-20T11:44:12Z,lag-1789904649,2556,165,243
2026-09-20T11:49:09Z,lag-1789904947,2106,80,125
2026-09-20T11:54:17Z,lag-1789905254,2525,132,202
2026-09-20T11:59:15Z,lag-1789905552,2682,154,276
2026-09-20T12:04:21Z,lag-1789905858,2819,171,308
2026-09-20T12:09:20Z,lag-1789906157,2311,134,159
2026-09-20T12:14:23Z,lag-1789906460,2636,199,392
2026-09-20T12:20:01Z,lag-1789906799,2237,93,160
2026-09-20T12:24:32Z,lag-1789907069,3026,132,300
2026-09-20T12:29:30Z,lag-1789907367,2408,141,140
2026-09-20T12:34:35Z,lag-1789907672,2841,179,303
2026-09-20T12:39:33Z,lag-1789907971,2099,111,114
2026-09-20T12:44:37Z,lag-1789908274,2717,156,274
2026-09-20T12:49:43Z,lag-1789908580,2757,125,461
2026-09-20T12:54:45Z,lag-1789908882,2512,189,261
2026-09-20T12:59:43Z,lag-1789909181,2572,119,194
2026-09-20T13:04:47Z,lag-1789909485,2337,102,218
2026-09-20T13:09:48Z,lag-1789909786,2417,123,204
2026-09-20T13:14:54Z,lag-1789910092,2497,91,180
2026-09-20T13:19:55Z,lag-1789910393,2197,56,101
2026-09-20T13:25:05Z,lag-1789910701,2925,141,307
2026-09-20T13:30:03Z,lag-1789911000,2320,136,165
2026-09-20T13:35:06Z,lag-1789911303,2493,152,211
2026-09-20T13:40:07Z,lag-1789911604,2104,74,104
2026-09-20T13:45:07Z,lag-1789911905,2041,131,106
2026-09-20T13:50:12Z,lag-1789912210,2098,149,99
2026-09-20T13:55:21Z,lag-1789912518,2454,142,195
2026-09-20T14:00:17Z,lag-1789912814,2327,85,339
2026-09-20T14:05:21Z,lag-1789913118,2400,144,197
2026-09-20T14:10:23Z,lag-1789913421,2503,132,198
2026-09-20T14:15:32Z,lag-1789913729,2362,135,204
2026-09-20T14:20:27Z,lag-1789914024,2556,160,195
2026-09-20T14:25:33Z,lag-1789914330,2484,147,202
2026-09-20T14:30:40Z,lag-1789914637,2730,144,307
2026-09-20T14:35:38Z,lag-1789914935,2594,171,276
2026-09-20T14:40:40Z,lag-1789915237,2144,98,123
2026-09-20T14:45:43Z,lag-1789915541,2240,83,127
2026-09-20T14:50:49Z,lag-1789915846,2471,134,157
2026-09-20T14:55:46Z,lag-1789916143,2375,153,191
2026-09-20T15:00:51Z,lag-1789916448,2251,101,134
2026-09-20T15:05:53Z,lag-1789916751,2166,99,108
2026-09-20T15:10:56Z,lag-1789917054,2148,94,103
2026-09-20T15:16:04Z,lag-1789917361,2615,191,275
2026-09-20T15:21:05Z,lag-1789917662,2561,148,218
2026-09-20T15:26:11Z,lag-1789917968,2754,174,309
2026-09-20T15:31:11Z,lag-1789918268,2567,199,289
2026-09-20T15:36:14Z,lag-1789918571,2358,158,174
2026-09-20T15:41:19Z,lag-1789918876,2705,153,304
2026-09-20T15:46:19Z,lag-1789919177,2421,161,216
2026-09-20T15:51:24Z,lag-1789919481,2748,212,344
2026-09-20T15:56:23Z,lag-1789919781,2378,195,190
2026-09-20T16:01:28Z,lag-1789920085,2125,88,110
2026-09-20T16:06:35Z,lag-1789920391,2876,173,312
2026-09-20T16:11:33Z,lag-1789920690,2831,170,276
2026-09-20T16:16:50Z,lag-1789921007,2798,141,320
2026-09-20T16:20:49Z,lag-1789921246,2393,60,107
2026-09-20T16:21:38Z,lag-1789921295,2612,174,280
2026-09-20T16:26:47Z,lag-1789921604,2393,158,213
2026-09-20T16:31:48Z,lag-1789921905,2641,197,335
2026-09-20T16:36:50Z,lag-1789922207,2642,178,277
2026-09-20T16:41:50Z,lag-1789922508,2164,82,118
2026-09-20T16:46:51Z,lag-1789922809,2348,96,157
2026-09-20T16:51:54Z,lag-1789923111,2191,83,113
2026-09-20T16:56:59Z,lag-1789923417,2599,151,207
2026-09-20T17:01:59Z,lag-1789923717,2222,56,125
2026-09-20T17:07:03Z,lag-1789924021,2280,122,158
2026-09-20T17:12:09Z,lag-1789924326,2789,123,312
2026-09-20T17:17:12Z,lag-1789924629,2680,167,333
2026-09-20T17:22:17Z,lag-1789924934,2684,172,274
2026-09-20T17:27:15Z,lag-1789925233,2299,148,146
2026-09-20T17:32:19Z,lag-1789925536,2393,151,204
2026-09-20T17:37:24Z,lag-1789925841,2634,166,287
2026-09-20T17:42:23Z,lag-1789926140,2139,81,112
2026-09-20T17:47:25Z,lag-1789926442,2104,220,118
2026-09-20T17:52:27Z,lag-1789926745,2301,95,136
2026-09-20T17:57:30Z,lag-1789927048,2215,126,107
2026-09-20T18:02:32Z,lag-1789927349,2190,115,109
2026-09-20T18:07:35Z,lag-1789927653,2087,64,116
2026-09-20T18:12:46Z,lag-1789927963,2848,210,335
2026-09-20T18:17:41Z,lag-1789928258,2160,76,110
2026-09-20T18:22:51Z,lag-1789928568,2904,192,313
2026-09-20T18:27:49Z,lag-1789928866,2713,184,244
2026-09-20T18:32:52Z,lag-1789929170,2502,159,200
2026-09-20T18:37:55Z,lag-1789929472,2829,190,345
2026-09-20T18:42:56Z,lag-1789929772,4001,196,244
2026-09-20T18:47:57Z,lag-1789930074,2551,213,221
2026-09-20T18:53:02Z,lag-1789930379,2530,169,237
2026-09-20T18:56:55Z,lag-1789930613,2073,120,104
2026-09-20T18:58:00Z,lag-1789930678,2129,80,124
2026-09-20T19:03:40Z,lag-1789931017,2375,132,158
2026-09-20T19:08:09Z,lag-1789931286,2691,172,277
2026-09-20T19:13:15Z,lag-1789931592,2767,128,301
2026-09-20T19:18:11Z,lag-1789931889,2222,79,112
2026-09-20T19:23:16Z,lag-1789932193,2315,97,174
2026-09-20T19:28:15Z,lag-1789932493,2230,129,135
2026-09-20T19:33:20Z,lag-1789932797,2616,143,256
2026-09-20T19:38:24Z,lag-1789933102,2240,129,169
2026-09-20T19:43:28Z,lag-1789933405,2894,170,249
2026-09-20T19:48:28Z,lag-1789933706,2256,83,117
2026-09-20T19:53:30Z,lag-1789934007,2366,145,153
2026-09-20T19:58:35Z,lag-1789934311,2840,147,317
2026-09-20T20:03:35Z,lag-1789934613,2197,86,112
2026-09-20T20:08:43Z,lag-1789934920,2802,141,316
2026-09-20T20:13:42Z,lag-1789935220,2294,124,170
2026-09-20T20:18:47Z,lag-1789935524,2822,241,309
2026-09-20T20:23:49Z,lag-1789935826,2751,159,280
2026-09-20T20:28:48Z,lag-1789936125,2455,139,190
2026-09-20T20:33:56Z,lag-1789936433,2532,191,234
2026-09-20T20:38:53Z,lag-1789936730,2456,159,185
2026-09-20T20:43:56Z,lag-1789937034,2087,73,109
2026-09-20T20:48:57Z,lag-1789937334,2465,159,187
2026-09-20T20:54:06Z,lag-1789937643,2818,128,453
2026-09-20T20:59:04Z,lag-1789937942,2329,69,125
2026-09-20T21:04:07Z,lag-1789938245,2156,58,129
2026-09-20T21:09:12Z,lag-1789938549,2444,152,174
2026-09-20T21:14:11Z,lag-1789938849,2169,106,127
2026-09-20T21:19:14Z,lag-1789939152,2127,142,101
2026-09-20T21:24:19Z,lag-1789939456,2777,175,235
2026-09-20T21:26:42Z,lag-1789939599,2141,136,113
2026-09-20T21:29:19Z,lag-1789939757,2133,67,103
2026-09-20T21:34:26Z,lag-1789940063,2769,178,291
2026-09-20T21:39:25Z,lag-1789940363,2100,97,124
2026-09-20T21:44:33Z,lag-1789940670,2849,175,395
2026-09-20T21:49:31Z,lag-1789940969,2128,81,117
2026-09-20T21:54:34Z,lag-1789941271,2299,147,107
2026-09-20T21:59:35Z,lag-1789941573,2141,96,118
2026-09-20T22:04:37Z,lag-1789941874,2360,133,193
2026-09-20T22:09:42Z,lag-1789942180,2494,145,184
2026-09-20T22:14:44Z,lag-1789942481,2271,66,101
2026-09-20T22:19:46Z,lag-1789942783,2366,129,106
2026-09-20T22:24:49Z,lag-1789943086,2549,126,200
2026-09-20T22:29:55Z,lag-1789943392,2953,177,299
2026-09-20T22:34:55Z,lag-1789943693,2220,85,128
2026-09-20T22:39:58Z,lag-1789943995,2711,196,336
2026-09-20T22:45:05Z,lag-1789944302,2811,195,268
2026-09-20T22:50:05Z,lag-1789944603,2430,145,195
2026-09-20T22:55:04Z,lag-1789944902,2337,116,132
2026-09-20T23:00:09Z,lag-1789945205,3397,229,251
2026-09-20T23:05:12Z,lag-1789945509,2726,144,493
2026-09-20T23:10:16Z,lag-1789945813,2769,170,335
2026-09-20T23:15:15Z,lag-1789946112,2148,82,111
2026-09-20T23:20:21Z,lag-1789946418,2613,168,236
2026-09-20T23:25:29Z,lag-1789946726,2483,174,185
2026-09-20T23:26:30Z,lag-1789946788,2160,103,141
2026-09-20T23:30:29Z,lag-1789947026,2750,181,284
2026-09-20T23:35:28Z,lag-1789947326,2109,121,127
2026-09-20T23:40:33Z,lag-1789947630,2782,193,330
2026-09-20T23:45:40Z,lag-1789947937,2759,145,309
2026-09-20T23:50:37Z,lag-1789948234,2684,199,288
2026-09-20T23:55:40Z,lag-1789948537,2394,151,192
2026-09-21T00:00:47Z,lag-1789948843,2834,146,690
2026-09-21T00:05:41Z,lag-1789949138,2423,197,195
2026-09-21T00:10:49Z,lag-1789949446,2884,180,315
2026-09-21T00:15:55Z,lag-1789949753,2594,173,216
2026-09-21T00:20:52Z,lag-1789950049,3021,165,313
2026-09-21T00:25:54Z,lag-1789950351,2639,163,266
2026-09-21T00:30:58Z,lag-1789950655,2606,193,261
2026-09-21T00:35:58Z,lag-1789950955,2136,98,116
2026-09-21T00:41:02Z,lag-1789951259,2458,169,198
2026-09-21T00:46:07Z,lag-1789951564,2863,149,306
2026-09-21T00:51:04Z,lag-1789951862,2226,61,109
2026-09-21T00:56:07Z,lag-1789952164,2234,117,105
2026-09-21T01:01:11Z,lag-1789952469,2389,93,129
2026-09-21T01:06:12Z,lag-1789952769,2564,138,191
2026-09-21T01:11:23Z,lag-1789953080,2508,132,192
2026-09-21T01:16:19Z,lag-1789953376,2759,274,253
2026-09-21T01:21:21Z,lag-1789953678,2451,148,226
2026-09-21T01:26:23Z,lag-1789953980,2096,137,111
2026-09-21T01:31:31Z,lag-1789954288,2593,187,251
2026-09-21T01:36:31Z,lag-1789954588,2674,178,299
2026-09-21T01:41:36Z,lag-1789954893,2615,177,246
2026-09-21T01:46:35Z,lag-1789955193,2349,122,112
2026-09-21T01:51:40Z,lag-1789955498,2407,161,197
2026-09-21T01:56:39Z,lag-1789955797,2152,73,105
2026-09-21T02:01:47Z,lag-1789956104,2649,200,290
2026-09-21T02:06:44Z,lag-1789956401,2479,133,205
2026-09-21T02:11:52Z,lag-1789956709,2829,182,233
2026-09-21T02:16:49Z,lag-1789957007,2366,156,189
2026-09-21T02:21:54Z,lag-1789957312,2180,74,103
2026-09-21T02:26:56Z,lag-1789957614,2504,153,222
2026-09-21T02:32:05Z,lag-1789957921,2777,163,294
2026-09-21T02:37:05Z,lag-1789958222,2559,146,228
2026-09-21T02:42:08Z,lag-1789958525,2787,179,310
2026-09-21T02:47:07Z,lag-1789958825,2265,144,166
2026-09-21T02:52:09Z,lag-1789959127,2141,116,118
2026-09-21T02:57:19Z,lag-1789959436,2731,138,314
2026-09-21T03:02:16Z,lag-1789959733,2289,128,120
2026-09-21T03:07:18Z,lag-1789960035,2148,63,105
2026-09-21T03:12:18Z,lag-1789960336,2222,129,112
2026-09-21T03:17:24Z,lag-1789960641,2387,74,156
2026-09-21T03:22:26Z,lag-1789960943,2291,186,156
2026-09-21T03:27:33Z,lag-1789961250,2785,152,312
2026-09-21T03:32:31Z,lag-1789961549,2115,79,116
2026-09-21T03:37:40Z,lag-1789961857,2759,119,295
2026-09-21T03:42:42Z,lag-1789962159,2671,155,310
2026-09-21T03:47:44Z,lag-1789962461,2796,124,302
2026-09-21T03:53:22Z,lag-1789962799,2663,181,256
2026-09-21T03:57:46Z,lag-1789963063,2450,145,192
2026-09-21T04:02:48Z,lag-1789963366,2129,137,155
2026-09-21T04:07:50Z,lag-1789963668,2122,134,103
2026-09-21T04:12:52Z,lag-1789963970,2419,83,104
2026-09-21T04:18:01Z,lag-1789964278,2553,142,243
2026-09-21T04:22:57Z,lag-1789964575,2114,110,119
2026-09-21T04:28:01Z,lag-1789964878,2472,168,210
2026-09-21T04:33:02Z,lag-1789965180,2168,66,109
2026-09-21T04:38:06Z,lag-1789965484,2127,133,104
2026-09-21T04:43:09Z,lag-1789965787,2118,91,112
2026-09-21T04:48:16Z,lag-1789966093,2678,170,269
2026-09-21T04:53:18Z,lag-1789966395,2543,156,233
2026-09-21T04:58:22Z,lag-1789966699,2826,163,291
2026-09-21T05:03:20Z,lag-1789966997,2142,46,124
2026-09-21T05:08:24Z,lag-1789967301,2447,137,174
2026-09-21T05:13:25Z,lag-1789967603,2113,116,100
2026-09-21T05:18:28Z,lag-1789967906,2481,126,364
2026-09-21T05:23:30Z,lag-1789968208,2198,75,110
2026-09-21T05:28:33Z,lag-1789968510,2392,105,165
2026-09-21T05:33:35Z,lag-1789968813,2138,54,119
2026-09-21T05:38:42Z,lag-1789969118,2818,179,282
2026-09-21T05:44:16Z,lag-1789969454,2395,91,119
2026-09-21T05:48:44Z,lag-1789969721,2333,147,150
2026-09-21T05:53:45Z,lag-1789970023,2582,116,195
2026-09-21T05:58:53Z,lag-1789970330,2388,139,185
2026-09-21T06:03:56Z,lag-1789970633,2724,175,274
2026-09-21T06:08:54Z,lag-1789970931,2193,96,125
2026-09-21T06:13:58Z,lag-1789971236,2551,106,210
2026-09-21T06:19:02Z,lag-1789971539,2768,170,280
2026-09-21T06:24:07Z,lag-1789971844,2846,145,304
2026-09-21T06:29:06Z,lag-1789972143,2083,59,114
2026-09-21T06:34:07Z,lag-1789972445,2098,205,110
2026-09-21T06:39:13Z,lag-1789972751,2101,139,112
2026-09-21T06:44:12Z,lag-1789973049,2477,128,204
2026-09-21T06:49:14Z,lag-1789973351,2512,144,210
2026-09-21T06:54:21Z,lag-1789973658,2658,158,287
2026-09-21T06:59:21Z,lag-1789973959,2133,55,109
2026-09-21T07:04:28Z,lag-1789974265,2622,190,234
2026-09-21T07:06:16Z,lag-1789974374,2210,103,160
2026-09-21T07:09:28Z,lag-1789974566,2694,159,288
2026-09-21T07:14:34Z,lag-1789974870,2800,137,1103
2026-09-21T07:19:34Z,lag-1789975171,2457,149,193
2026-09-21T07:24:42Z,lag-1789975479,2637,167,297
2026-09-21T07:29:43Z,lag-1789975780,2725,174,282
2026-09-21T07:34:47Z,lag-1789976084,2771,159,280
2026-09-21T07:40:20Z,lag-1789976418,2162,54,121
2026-09-21T07:44:48Z,lag-1789976686,2458,132,187
2026-09-21T07:49:50Z,lag-1789976988,2201,85,104
2026-09-21T07:54:56Z,lag-1789977293,2600,174,291
2026-09-21T07:59:56Z,lag-1789977594,2404,139,180
2026-09-21T08:05:04Z,lag-1789977901,2480,149,200
2026-09-21T08:10:10Z,lag-1789978207,2511,155,244
2026-09-21T08:15:04Z,lag-1789978501,2205,108,109
2026-09-21T08:20:11Z,lag-1789978808,2809,126,307
2026-09-21T08:25:14Z,lag-1789979111,2907,156,301
2026-09-21T08:30:12Z,lag-1789979410,2392,158,207
2026-09-21T08:35:18Z,lag-1789979715,2645,165,244
2026-09-21T08:40:19Z,lag-1789980016,2667,171,270
2026-09-21T08:45:22Z,lag-1789980320,2165,89,100
2026-09-21T08:50:26Z,lag-1789980623,2648,166,280
2026-09-21T08:55:34Z,lag-1789980932,2346,156,207
2026-09-21T09:00:33Z,lag-1789981228,4804,293,259
2026-09-21T09:05:37Z,lag-1789981534,2998,136,321
2026-09-21T09:10:36Z,lag-1789981834,2119,84,121
2026-09-21T09:15:40Z,lag-1789982138,2154,115,106
2026-09-21T09:20:47Z,lag-1789982444,2738,129,298
2026-09-21T09:25:44Z,lag-1789982742,2161,129,115
2026-09-21T09:30:53Z,lag-1789983050,2809,197,330
2026-09-21T09:35:50Z,lag-1789983347,2414,122,207
2026-09-21T09:40:54Z,lag-1789983651,2038,116,109
2026-09-21T09:46:12Z,lag-1789983969,2716,136,311
2026-09-21T09:50:59Z,lag-1789984256,2270,110,119
2026-09-21T09:56:06Z,lag-1789984563,2761,145,307
2026-09-21T10:01:07Z,lag-1789984865,2284,138,169
2026-09-21T10:06:13Z,lag-1789985170,2826,217,323
2026-09-21T10:11:17Z,lag-1789985474,2652,175,200
2026-09-21T10:16:13Z,lag-1789985771,2120,119,129
2026-09-21T10:21:16Z,lag-1789986074,2173,74,124
2026-09-21T10:26:20Z,lag-1789986378,2048,88,100
2026-09-21T10:31:23Z,lag-1789986680,2536,191,229
2026-09-21T10:36:23Z,lag-1789986980,2475,148,202
2026-09-21T10:41:31Z,lag-1789987288,2704,186,255
2026-09-21T10:46:37Z,lag-1789987593,2867,126,306
2026-09-21T10:51:33Z,lag-1789987890,2198,69,102
2026-09-21T10:56:38Z,lag-1789988195,2917,168,346
2026-09-21T11:01:37Z,lag-1789988495,2302,92,123
2026-09-21T11:06:44Z,lag-1789988801,2922,147,316
2026-09-21T11:11:47Z,lag-1789989105,2641,158,267
2026-09-21T11:16:47Z,lag-1789989404,2727,152,215
2026-09-21T11:21:48Z,lag-1789989706,2147,76,113
2026-09-21T11:26:56Z,lag-1789990013,2488,131,204
2026-09-21T11:31:55Z,lag-1789990312,2508,62,110
2026-09-21T11:36:59Z,lag-1789990616,2583,169,230
2026-09-21T11:42:05Z,lag-1789990922,2860,139,384
2026-09-21T11:47:08Z,lag-1789991224,2921,177,376
2026-09-21T11:52:11Z,lag-1789991528,2850,136,335
2026-09-21T11:57:08Z,lag-1789991825,2433,77,106
2026-09-21T12:02:14Z,lag-1789992132,2132,131,110
2026-09-21T12:07:16Z,lag-1789992433,2706,163,266
2026-09-21T12:12:20Z,lag-1789992737,2939,126,309
2026-09-21T12:17:21Z,lag-1789993038,2697,149,271
2026-09-21T12:22:27Z,lag-1789993344,2790,124,302
2026-09-21T12:27:32Z,lag-1789993648,2862,119,338
2026-09-21T12:32:31Z,lag-1789993949,2386,111,161
2026-09-21T12:37:32Z,lag-1789994249,2843,163,211
2026-09-21T12:42:35Z,lag-1789994553,2301,107,157
2026-09-21T12:47:38Z,lag-1789994856,2149,131,109
2026-09-21T12:52:47Z,lag-1789995164,2837,136,324
2026-09-21T12:57:48Z,lag-1789995464,3162,172,251
2026-09-21T13:02:53Z,lag-1789995770,2834,129,304
2026-09-21T13:07:54Z,lag-1789996071,2840,155,322
2026-09-21T13:12:54Z,lag-1789996371,2670,159,280
2026-09-21T13:18:01Z,lag-1789996678,2898,170,337
2026-09-21T13:23:06Z,lag-1789996983,2756,162,274
2026-09-21T13:28:02Z,lag-1789997279,2665,111,116
2026-09-21T13:33:09Z,lag-1789997586,2883,173,306
2026-09-21T13:38:07Z,lag-1789997885,2174,94,131
2026-09-21T13:43:09Z,lag-1789998187,2206,61,107
2026-09-21T13:48:49Z,lag-1789998526,2386,94,116
2026-09-21T13:53:16Z,lag-1789998794,2215,100,113
2026-09-21T13:58:23Z,lag-1789999100,2634,156,269
2026-09-21T14:03:26Z,lag-1789999403,2674,180,253
2026-09-21T14:07:28Z,lag-1789999645,2838,165,302
2026-09-21T14:08:25Z,lag-1789999702,2266,106,126
2026-09-21T14:13:34Z,lag-1790000011,2475,167,191
2026-09-21T14:18:36Z,lag-1790000313,2852,200,319
2026-09-21T14:23:44Z,lag-1790000622,2435,182,215
2026-09-21T14:28:44Z,lag-1790000921,2757,182,327
2026-09-21T14:33:40Z,lag-1790001218,2511,146,204
2026-09-21T14:38:45Z,lag-1790001522,2536,157,189
2026-09-21T14:43:50Z,lag-1790001827,2845,182,331
2026-09-21T14:48:49Z,lag-1790002127,2207,96,135
2026-09-21T14:53:55Z,lag-1790002432,2644,150,291
2026-09-21T14:58:59Z,lag-1790002736,2819,182,304
2026-09-21T15:03:59Z,lag-1790003037,2254,62,111
2026-09-21T15:09:06Z,lag-1790003343,2402,177,226
2026-09-21T15:14:13Z,lag-1790003650,2835,174,279
2026-09-21T15:19:08Z,lag-1790003945,2447,146,202
2026-09-21T15:24:19Z,lag-1790004256,2643,199,284
2026-09-21T15:29:15Z,lag-1790004553,2117,59,100
2026-09-21T15:34:17Z,lag-1790004854,2208,1137,120
2026-09-21T15:39:23Z,lag-1790005160,2683,162,276
2026-09-21T15:44:27Z,lag-1790005463,2879,214,320
2026-09-21T15:49:31Z,lag-1790005768,2626,184,242
2026-09-21T15:54:29Z,lag-1790006066,2116,135,118
2026-09-21T15:59:32Z,lag-1790006369,2125,140,112
2026-09-21T16:04:37Z,lag-1790006675,2372,146,172
2026-09-21T16:09:43Z,lag-1790006975,2307,5029,183
2026-09-21T16:14:45Z,lag-1790007282,2759,155,340
2026-09-21T16:19:46Z,lag-1790007582,2333,1211,172
2026-09-21T16:24:55Z,lag-1790007892,2513,142,204
2026-09-21T16:29:53Z,lag-1790008190,2757,169,285
2026-09-21T16:34:54Z,lag-1790008492,2714,200,280
2026-09-21T16:39:56Z,lag-1790008794,2231,85,110
2026-09-21T16:45:00Z,lag-1790009097,2748,164,279
2026-09-21T16:50:11Z,lag-1790009408,2595,132,210
2026-09-21T16:55:05Z,lag-1790009703,2302,133,184
2026-09-21T17:00:13Z,lag-1790010008,2990,1434,423
2026-09-21T17:05:11Z,lag-1790010308,2448,144,179
2026-09-21T17:10:19Z,lag-1790010616,2494,160,173
2026-09-21T17:15:18Z,lag-1790010915,2284,1198,209
2026-09-21T17:20:23Z,lag-1790011220,2844,143,307
2026-09-21T17:25:23Z,lag-1790011520,2738,191,290
2026-09-21T17:30:26Z,lag-1790011824,2143,86,118
2026-09-21T17:36:39Z,lag-1790012196,2804,185,307
2026-09-21T17:40:29Z,lag-1790012427,2151,139,105
2026-09-21T17:45:33Z,lag-1790012730,2181,110,108
2026-09-21T17:50:43Z,lag-1790013039,2908,194,326
2026-09-21T17:55:39Z,lag-1790013337,2266,92,120
2026-09-21T18:00:44Z,lag-1790013640,3591,151,262
2026-09-21T18:05:50Z,lag-1790013947,2780,151,304
2026-09-21T18:10:56Z,lag-1790014253,2700,185,276
2026-09-21T18:15:51Z,lag-1790014548,2410,146,199
2026-09-21T18:20:51Z,lag-1790014848,2552,141,200
2026-09-21T18:26:03Z,lag-1790015160,2797,176,317
2026-09-21T18:31:03Z,lag-1790015461,2192,100,119
2026-09-21T18:36:11Z,lag-1790015767,2962,191,280
2026-09-21T18:41:09Z,lag-1790016067,2134,69,139
2026-09-21T18:46:10Z,lag-1790016367,2724,154,289
2026-09-21T18:51:18Z,lag-1790016675,2882,184,310
2026-09-21T18:56:26Z,lag-1790016983,2813,171,315
2026-09-21T19:01:20Z,lag-1790017277,2750,152,200
2026-09-21T19:06:20Z,lag-1790017577,2445,142,199
2026-09-21T19:11:27Z,lag-1790017884,2757,173,298
2026-09-21T19:16:26Z,lag-1790018184,2244,87,120
2026-09-21T19:21:35Z,lag-1790018492,2847,145,303
2026-09-21T19:26:32Z,lag-1790018790,2226,90,169
2026-09-21T19:27:47Z,lag-1790018864,2852,184,274
2026-09-21T19:31:41Z,lag-1790019098,2768,129,302
2026-09-21T19:36:43Z,lag-1790019399,2984,124,318
2026-09-21T19:41:49Z,lag-1790019706,2841,132,303
2026-09-21T19:46:44Z,lag-1790020001,2287,125,154
2026-09-21T19:51:48Z,lag-1790020306,2360,204,108
2026-09-21T19:57:02Z,lag-1790020619,2650,148,265
2026-09-21T20:01:58Z,lag-1790020915,2769,197,231
2026-09-21T20:07:01Z,lag-1790021218,2736,192,241
2026-09-21T20:12:01Z,lag-1790021519,2676,186,257
2026-09-21T20:17:04Z,lag-1790021821,2285,147,113
2026-09-21T20:22:11Z,lag-1790022128,2814,135,297
2026-09-21T20:27:07Z,lag-1790022425,2140,79,104
2026-09-21T20:32:12Z,lag-1790022729,2755,107,167
2026-09-21T20:37:14Z,lag-1790023031,2269,106,116
2026-09-21T20:42:16Z,lag-1790023334,2146,131,117
2026-09-21T20:47:19Z,lag-1790023637,2126,55,101
2026-09-21T20:52:23Z,lag-1790023940,2692,185,279
2026-09-21T20:57:28Z,lag-1790024245,2543,181,204
2026-09-21T21:02:32Z,lag-1790024548,2769,164,283
2026-09-21T21:07:35Z,lag-1790024852,2646,161,281
2026-09-21T21:12:36Z,lag-1790025153,2497,117,184
2026-09-21T21:17:40Z,lag-1790025457,2664,283,234
2026-09-21T21:22:39Z,lag-1790025756,2094,78,112
2026-09-21T21:27:45Z,lag-1790026062,2292,125,151
2026-09-21T21:32:45Z,lag-1790026363,2087,99,123
2026-09-21T21:37:52Z,lag-1790026669,2672,191,252
2026-09-21T21:42:54Z,lag-1790026971,3193,204,304
2026-09-21T21:48:05Z,lag-1790027282,2510,115,230
2026-09-21T21:53:33Z,lag-1790027611,2116,123,119
2026-09-21T21:58:00Z,lag-1790027878,2204,99,111
2026-09-21T22:03:05Z,lag-1790028183,2551,106,203
2026-09-21T22:08:10Z,lag-1790028488,2603,197,233
2026-09-21T22:13:10Z,lag-1790028787,2748,168,249
2026-09-21T22:18:15Z,lag-1790029092,2746,179,276
2026-09-21T22:24:27Z,lag-1790029464,2903,150,314
2026-09-21T22:28:20Z,lag-1790029697,2647,161,278
2026-09-21T22:33:22Z,lag-1790029999,2455,150,212
2026-09-21T22:38:23Z,lag-1790030301,2161,78,101
2026-09-21T22:43:26Z,lag-1790030604,2195,82,122
2026-09-21T22:46:52Z,lag-1790030810,2093,58,106
2026-09-21T22:48:38Z,lag-1790030915,2801,203,315
2026-09-21T22:53:36Z,lag-1790031213,2777,142,375
2026-09-21T22:58:38Z,lag-1790031515,2272,130,189
2026-09-21T23:03:37Z,lag-1790031815,2227,92,117
2026-09-21T23:08:39Z,lag-1790032116,2251,101,125
2026-09-21T23:13:43Z,lag-1790032420,2152,68,108
2026-09-21T23:18:52Z,lag-1790032729,2889,127,293
2026-09-21T23:23:51Z,lag-1790033029,2233,129,118
2026-09-21T23:29:01Z,lag-1790033338,2691,180,262
2026-09-21T23:34:03Z,lag-1790033640,2776,193,333
2026-09-21T23:39:01Z,lag-1790033938,2840,128,331
2026-09-21T23:44:01Z,lag-1790034238,2540,133,185
2026-09-21T23:49:05Z,lag-1790034542,2259,103,150
2026-09-21T23:54:43Z,lag-1790034881,2256,91,115
2026-09-21T23:59:10Z,lag-1790035147,2142,77,130
2026-09-22T00:04:53Z,lag-1790035490,2834,167,307
2026-09-22T00:09:20Z,lag-1790035757,2960,178,337
2026-09-22T00:14:21Z,lag-1790036058,2817,145,280
2026-09-22T00:19:26Z,lag-1790036362,2818,148,314
2026-09-22T00:24:30Z,lag-1790036667,2846,138,320
2026-09-22T00:29:26Z,lag-1790036964,2134,128,111
2026-09-22T00:34:29Z,lag-1790037266,2329,131,183
2026-09-22T00:39:31Z,lag-1790037569,2339,141,114
2026-09-22T00:44:33Z,lag-1790037870,2516,152,204
2026-09-22T00:49:37Z,lag-1790038175,2464,118,163
2026-09-22T00:54:44Z,lag-1790038480,2913,139,311
2026-09-22T00:59:49Z,lag-1790038786,2810,132,310
2026-09-22T01:04:45Z,lag-1790039082,2272,136,162
2026-09-22T01:10:04Z,lag-1790039401,2845,130,310
2026-09-22T01:14:50Z,lag-1790039688,2528,126,320
2026-09-22T01:16:48Z,lag-1790039805,2281,131,117
2026-09-22T01:19:53Z,lag-1790039990,2187,123,109
2026-09-22T01:25:02Z,lag-1790040299,2641,165,300
2026-09-22T01:29:57Z,lag-1790040594,2186,69,104
2026-09-22T01:35:02Z,lag-1790040899,2447,85,167
2026-09-22T01:40:04Z,lag-1790041201,2316,92,101
2026-09-22T01:45:07Z,lag-1790041505,2193,92,106
2026-09-22T01:50:11Z,lag-1790041808,2485,130,205
2026-09-22T01:55:14Z,lag-1790042112,2601,195,260
2026-09-22T02:00:14Z,lag-1790042411,2919,119,119
2026-09-22T02:05:23Z,lag-1790042721,2586,155,202
2026-09-22T02:10:23Z,lag-1790043020,2762,160,298
2026-09-22T02:15:27Z,lag-1790043324,2915,182,301
2026-09-22T02:20:29Z,lag-1790043626,2804,132,406
2026-09-22T02:25:27Z,lag-1790043925,2371,72,118
2026-09-22T02:30:31Z,lag-1790044229,2231,98,129
2026-09-22T02:35:36Z,lag-1790044533,2829,150,322
2026-09-22T02:45:48Z,lag-1790045145,2721,174,242
2026-09-22T02:50:49Z,lag-1790045446,2457,79,169
2026-09-22T02:55:52Z,lag-1790045750,2286,129,152
2026-09-22T03:01:01Z,lag-1790046057,2964,187,329
2026-09-22T03:06:01Z,lag-1790046358,2723,155,291
2026-09-22T03:11:09Z,lag-1790046666,2759,188,247
2026-09-22T03:16:04Z,lag-1790046962,2514,148,221
2026-09-22T03:21:09Z,lag-1790047266,2714,179,241
2026-09-22T03:26:14Z,lag-1790047571,2327,122,109
2026-09-22T03:31:11Z,lag-1790047869,2145,77,171
2026-09-22T03:36:17Z,lag-1790048175,2326,112,114
2026-09-22T03:41:17Z,lag-1790048475,2125,134,114
2026-09-22T03:46:20Z,lag-1790048778,2624,142,207
2026-09-22T03:51:27Z,lag-1790049084,2588,180,246
2026-09-22T03:56:28Z,lag-1790049386,2050,116,103
2026-09-22T04:01:34Z,lag-1790049691,2628,178,258
2026-09-22T04:06:37Z,lag-1790049994,2801,191,249
2026-09-22T04:11:35Z,lag-1790050293,2490,108,214
2026-09-22T04:16:36Z,lag-1790050594,2189,88,118
2026-09-22T04:21:44Z,lag-1790050901,2658,165,284
2026-09-22T04:26:46Z,lag-1790051203,2486,106,209
2026-09-22T04:31:44Z,lag-1790051501,2607,116,198
2026-09-22T04:36:56Z,lag-1790051814,2454,136,177
2026-09-22T04:41:52Z,lag-1790052109,2531,206,248
2026-09-22T04:46:54Z,lag-1790052412,2078,99,117
2026-09-22T04:52:00Z,lag-1790052717,2742,151,279
2026-09-22T04:56:58Z,lag-1790053015,2301,97,163
2026-09-22T05:02:02Z,lag-1790053319,2515,143,202
2026-09-22T05:07:05Z,lag-1790053622,2476,107,186
2026-09-22T05:12:07Z,lag-1790053924,2228,106,158
2026-09-22T05:17:10Z,lag-1790054227,2196,82,104
2026-09-22T05:22:12Z,lag-1790054529,2157,59,100
2026-09-22T05:27:18Z,lag-1790054835,2704,259,278
2026-09-22T05:32:20Z,lag-1790055138,2089,69,111
2026-09-22T05:37:21Z,lag-1790055438,2519,148,159
2026-09-22T05:42:25Z,lag-1790055743,2173,130,108
2026-09-22T05:49:34Z,lag-1790056172,2103,70,106
2026-09-22T05:52:27Z,lag-1790056344,2420,133,192
2026-09-22T05:57:31Z,lag-1790056648,2310,91,164
2026-09-22T06:02:32Z,lag-1790056950,2517,154,188
2026-09-22T06:07:35Z,lag-1790057253,2168,67,101
2026-09-22T06:12:48Z,lag-1790057565,2392,100,199
2026-09-22T06:17:57Z,lag-1790057873,3458,376,447
2026-09-22T06:22:35Z,lag-1790058152,2153,81,137
2026-09-22T06:27:45Z,lag-1790058462,2336,137,198
2026-09-22T06:32:52Z,lag-1790058769,2500,147,236
2026-09-22T06:37:52Z,lag-1790059070,2102,85,103
2026-09-22T06:42:55Z,lag-1790059373,2181,124,108
2026-09-22T06:47:59Z,lag-1790059677,2264,79,115
2026-09-22T06:53:12Z,lag-1790059990,2414,155,235
2026-09-22T06:58:05Z,lag-1790060282,2329,79,152
2026-09-22T07:03:09Z,lag-1790060586,2594,139,192
2026-09-22T07:08:09Z,lag-1790060887,2229,101,129
2026-09-22T07:13:12Z,lag-1790061190,2104,72,102
2026-09-22T07:18:17Z,lag-1790061494,2454,150,193
2026-09-22T07:23:19Z,lag-1790061797,2457,141,191
2026-09-22T07:28:22Z,lag-1790062099,2417,111,189
2026-09-22T07:33:23Z,lag-1790062400,2560,142,210
2026-09-22T07:38:33Z,lag-1790062709,2987,166,307
2026-09-22T07:43:34Z,lag-1790063011,2639,173,285
2026-09-22T07:48:37Z,lag-1790063315,2292,92,167
2026-09-22T07:53:48Z,lag-1790063625,2638,179,278
2026-09-22T07:58:36Z,lag-1790063914,2067,65,111
2026-09-22T08:03:48Z,lag-1790064225,2317,98,193
2026-09-22T08:08:52Z,lag-1790064530,2585,108,216
2026-09-22T08:13:46Z,lag-1790064824,2226,102,153
2026-09-22T08:18:49Z,lag-1790065126,2355,94,114
2026-09-22T08:23:56Z,lag-1790065433,2487,135,181
2026-09-22T08:28:58Z,lag-1790065735,2666,189,257
2026-09-22T08:34:03Z,lag-1790066040,2718,159,271
2026-09-22T08:39:02Z,lag-1790066339,2489,166,222
2026-09-22T08:44:04Z,lag-1790066642,2076,70,109
2026-09-22T08:49:16Z,lag-1790066953,2925,121,312
2026-09-22T08:54:12Z,lag-1790067250,2129,82,107
2026-09-22T08:59:15Z,lag-1790067553,2189,94,107
2026-09-22T09:04:17Z,lag-1790067854,2505,83,152
2026-09-22T09:09:24Z,lag-1790068161,2861,132,306
2026-09-22T09:14:23Z,lag-1790068461,2264,74,122
2026-09-22T09:19:26Z,lag-1790068764,2137,129,106
2026-09-22T09:24:31Z,lag-1790069068,2495,146,206
2026-09-22T09:29:34Z,lag-1790069371,2780,162,281
2026-09-22T09:34:49Z,lag-1790069676,2614,10777,264
2026-09-22T09:39:39Z,lag-1790069976,2694,175,278
2026-09-22T09:44:43Z,lag-1790070280,2670,166,299
2026-09-22T09:49:49Z,lag-1790070586,2807,123,301
2026-09-22T09:54:52Z,lag-1790070888,2899,125,316
2026-09-22T09:59:49Z,lag-1790071187,2435,91,122
2026-09-22T10:04:53Z,lag-1790071491,2448,155,189
2026-09-22T10:09:54Z,lag-1790071791,2400,102,152
2026-09-22T10:14:57Z,lag-1790072095,2343,143,204
2026-09-22T10:20:00Z,lag-1790072398,2151,85,142
2026-09-22T10:25:06Z,lag-1790072703,2464,143,188
2026-09-22T10:30:08Z,lag-1790073005,2099,64,105
2026-09-22T10:35:09Z,lag-1790073307,2245,75,106
2026-09-22T10:40:17Z,lag-1790073614,2665,140,275
2026-09-22T10:45:17Z,lag-1790073914,2626,140,283
2026-09-22T10:50:18Z,lag-1790074216,2537,145,193
2026-09-22T10:55:26Z,lag-1790074523,2781,137,308
2026-09-22T11:00:30Z,lag-1790074827,2740,193,254
2026-09-22T11:05:33Z,lag-1790075130,2601,212,256
2026-09-22T11:10:30Z,lag-1790075428,2258,127,118
2026-09-22T11:15:36Z,lag-1790075733,2613,137,249
2026-09-22T11:20:40Z,lag-1790076037,2665,190,206
2026-09-22T11:25:40Z,lag-1790076337,2558,159,263
2026-09-22T11:30:42Z,lag-1790076638,2761,139,286
2026-09-22T11:35:44Z,lag-1790076942,2128,69,125
2026-09-22T11:40:50Z,lag-1790077247,2583,177,245
2026-09-22T11:45:50Z,lag-1790077547,2485,149,189
2026-09-22T11:51:00Z,lag-1790077856,2794,254,319
2026-09-22T11:56:01Z,lag-1790078158,2794,127,306
2026-09-22T11:56:57Z,lag-1790078214,2226,70,117
2026-09-22T12:01:00Z,lag-1790078457,2856,184,251
2026-09-22T12:06:37Z,lag-1790078795,2191,84,115
2026-09-22T12:11:11Z,lag-1790079068,2740,205,301
2026-09-22T12:16:11Z,lag-1790079368,2662,132,219
2026-09-22T12:21:16Z,lag-1790079672,3185,134,296
2026-09-22T12:26:29Z,lag-1790079986,2512,153,189
2026-09-22T12:31:16Z,lag-1790080274,2288,73,280
2026-09-22T12:36:20Z,lag-1790080578,2208,135,116
2026-09-22T12:41:31Z,lag-1790080888,2565,198,243
2026-09-22T12:46:26Z,lag-1790081183,2166,146,107
2026-09-22T12:51:31Z,lag-1790081488,2809,144,282
2026-09-22T12:56:33Z,lag-1790081790,2377,120,167
2026-09-22T13:01:35Z,lag-1790082093,2350,141,156
2026-09-22T13:06:38Z,lag-1790082396,2561,138,242
2026-09-22T13:11:45Z,lag-1790082702,2633,213,239
2026-09-22T13:16:44Z,lag-1790083002,2296,91,113
2026-09-22T13:21:56Z,lag-1790083313,2822,170,276
2026-09-22T13:26:51Z,lag-1790083609,2259,118,100
2026-09-22T13:31:57Z,lag-1790083914,2749,177,269
2026-09-22T13:36:59Z,lag-1790084216,2865,152,305
2026-09-22T13:42:03Z,lag-1790084520,2914,174,322
2026-09-22T13:47:00Z,lag-1790084817,2482,117,219
2026-09-22T13:52:08Z,lag-1790085125,2650,170,252
2026-09-22T13:57:11Z,lag-1790085428,2524,136,204
2026-09-22T14:02:16Z,lag-1790085733,2848,175,324
2026-09-22T14:07:18Z,lag-1790086035,2811,478,282
2026-09-22T14:12:21Z,lag-1790086339,2342,149,166
2026-09-22T14:17:25Z,lag-1790086642,2667,494,289
2026-09-22T14:22:27Z,lag-1790086944,2742,187,248
2026-09-22T14:27:27Z,lag-1790087244,2327,138,187
2026-09-22T14:32:45Z,lag-1790087561,3185,456,595
2026-09-22T14:37:41Z,lag-1790087858,2597,180,246
2026-09-22T14:42:40Z,lag-1790088157,2734,171,331
2026-09-22T14:48:20Z,lag-1790088497,2666,179,265
2026-09-22T14:52:43Z,lag-1790088761,2231,72,102
2026-09-22T14:57:47Z,lag-1790089064,2776,118,305
2026-09-22T15:03:07Z,lag-1790089384,2700,176,243
2026-09-22T15:07:54Z,lag-1790089671,2177,68,106
2026-09-22T15:12:54Z,lag-1790089971,2487,129,189
2026-09-22T15:18:03Z,lag-1790090280,2727,191,294
2026-09-22T15:23:06Z,lag-1790090583,2668,182,259
2026-09-22T15:28:06Z,lag-1790090882,2348,1218,167
2026-09-22T15:33:42Z,lag-1790091220,2353,94,127
2026-09-22T15:38:13Z,lag-1790091490,2736,144,305
2026-09-22T15:43:18Z,lag-1790091795,2780,184,281
2026-09-22T15:48:21Z,lag-1790092098,2705,199,253
2026-09-22T15:53:23Z,lag-1790092400,2691,167,518
2026-09-22T15:58:31Z,lag-1790092708,2706,170,290
2026-09-22T16:03:25Z,lag-1790093002,2386,61,112
2026-09-22T16:08:31Z,lag-1790093308,2619,209,255
2026-09-22T16:13:34Z,lag-1790093611,2587,184,256
2026-09-22T16:19:10Z,lag-1790093947,2322,99,130
2026-09-22T16:23:35Z,lag-1790094213,2164,77,112
2026-09-22T16:28:40Z,lag-1790094517,2504,157,189
2026-09-22T16:33:43Z,lag-1790094821,2214,85,112
2026-09-22T16:39:26Z,lag-1790095162,2974,156,424
2026-09-22T16:43:51Z,lag-1790095429,2129,83,121
2026-09-22T16:48:26Z,lag-1790095704,2259,118,160
2026-09-22T16:48:51Z,lag-1790095729,2362,85,113
2026-09-22T16:53:54Z,lag-1790096032,2222,118,123
2026-09-22T16:59:04Z,lag-1790096341,2995,165,317
2026-09-22T17:04:01Z,lag-1790096638,2179,171,105
2026-09-22T17:09:03Z,lag-1790096941,2171,71,117
2026-09-22T17:14:08Z,lag-1790097245,2208,90,114
2026-09-22T17:19:07Z,lag-1790097545,2165,78,125
2026-09-22T17:24:13Z,lag-1790097850,2342,76,162
2026-09-22T17:29:19Z,lag-1790098156,2873,179,311
2026-09-22T17:34:27Z,lag-1790098464,2264,104,121
2026-09-22T17:39:24Z,lag-1790098761,2618,165,267
2026-09-22T17:44:34Z,lag-1790099071,2633,166,282
2026-09-22T17:49:27Z,lag-1790099365,2315,147,125
2026-09-22T17:54:39Z,lag-1790099676,2686,151,279
2026-09-22T17:59:35Z,lag-1790099972,2465,66,112
2026-09-22T18:05:12Z,lag-1790100310,2199,126,101
2026-09-22T18:09:41Z,lag-1790100579,2308,119,103
2026-09-22T18:14:43Z,lag-1790100881,2489,149,218
2026-09-22T18:19:50Z,lag-1790101188,2239,75,112
2026-09-22T18:24:51Z,lag-1790101489,2607,134,213
2026-09-22T18:29:55Z,lag-1790101792,2802,158,308
2026-09-22T18:34:56Z,lag-1790102094,2118,99,128
2026-09-22T18:40:04Z,lag-1790102402,2246,77,108
2026-09-22T18:45:03Z,lag-1790102701,2429,86,122
2026-09-22T18:50:06Z,lag-1790103004,2337,101,165
2026-09-22T18:55:09Z,lag-1790103306,2370,147,195
2026-09-22T19:00:15Z,lag-1790103612,2423,125,188
2026-09-22T19:05:14Z,lag-1790103912,2174,147,114
2026-09-22T19:10:17Z,lag-1790104215,2504,79,164
2026-09-22T19:15:22Z,lag-1790104519,2518,160,198
2026-09-22T19:20:28Z,lag-1790104825,2553,152,222
2026-09-22T19:25:30Z,lag-1790105127,2459,128,183
2026-09-22T19:30:38Z,lag-1790105435,3011,150,282
2026-09-22T19:35:34Z,lag-1790105732,2267,124,115
2026-09-22T19:40:36Z,lag-1790106033,2487,158,227
2026-09-22T19:45:42Z,lag-1790106340,2554,133,193
2026-09-22T19:50:45Z,lag-1790106642,2583,159,284
2026-09-22T19:55:53Z,lag-1790106950,2696,138,277
2026-09-22T19:57:32Z,lag-1790107050,2086,58,109
2026-09-22T20:00:55Z,lag-1790107251,3298,212,324
2026-09-22T20:06:27Z,lag-1790107584,2497,70,108
2026-09-22T20:10:59Z,lag-1790107856,2815,136,301
2026-09-22T20:15:57Z,lag-1790108155,2442,77,122
2026-09-22T20:21:00Z,lag-1790108457,2241,128,115
2026-09-22T20:26:02Z,lag-1790108760,2456,152,194
2026-09-22T20:31:11Z,lag-1790109068,2377,688,162
2026-09-22T20:36:14Z,lag-1790109371,2757,227,240
2026-09-22T20:41:25Z,lag-1790109683,2074,80,101
2026-09-22T20:46:19Z,lag-1790109977,2636,179,245
2026-09-22T20:51:17Z,lag-1790110275,2133,91,125
2026-09-22T20:56:21Z,lag-1790110579,2441,159,187
2026-09-22T21:01:24Z,lag-1790110882,2305,75,109
2026-09-22T21:06:32Z,lag-1790111189,2449,163,240
2026-09-22T21:11:39Z,lag-1790111495,2948,215,309
2026-09-22T21:16:36Z,lag-1790111793,2882,161,321
2026-09-22T21:21:38Z,lag-1790112095,2662,190,243
2026-09-22T21:26:39Z,lag-1790112397,2121,124,119
2026-09-22T21:31:41Z,lag-1790112699,2412,139,118
2026-09-22T21:36:43Z,lag-1790113001,2150,139,126
2026-09-22T21:41:47Z,lag-1790113304,2612,149,286
2026-09-22T21:46:50Z,lag-1790113607,2146,148,104
2026-09-22T21:51:53Z,lag-1790113910,2471,162,179
2026-09-22T21:56:57Z,lag-1790114214,2598,172,272
2026-09-22T22:01:58Z,lag-1790114516,2424,130,258
2026-09-22T22:07:03Z,lag-1790114820,2729,170,287
2026-09-22T22:12:40Z,lag-1790115157,2183,76,110
2026-09-22T22:17:09Z,lag-1790115426,2404,159,181
2026-09-22T22:22:11Z,lag-1790115728,2596,206,226
2026-09-22T22:27:17Z,lag-1790116034,2809,189,321
2026-09-22T22:32:17Z,lag-1790116335,2133,131,111
2026-09-22T22:37:20Z,lag-1790116637,2658,167,237
2026-09-22T22:42:22Z,lag-1790116940,2339,96,106
2026-09-22T22:47:25Z,lag-1790117243,2433,160,178
2026-09-22T22:52:31Z,lag-1790117548,2713,282,317
2026-09-22T22:53:15Z,lag-1790117593,2133,104,107
2026-09-22T22:57:27Z,lag-1790117845,2160,90,131
2026-09-22T23:02:31Z,lag-1790118149,2172,157,109
2026-09-22T23:07:36Z,lag-1790118453,2752,170,273
2026-09-22T23:12:42Z,lag-1790118759,2703,165,281
2026-09-22T23:17:42Z,lag-1790119059,2479,129,197
2026-09-22T23:22:46Z,lag-1790119363,2671,171,278
2026-09-22T23:27:42Z,lag-1790119660,2171,128,102
2026-09-22T23:32:48Z,lag-1790119966,2343,101,197
2026-09-22T23:37:52Z,lag-1790120269,2532,122,181
2026-09-22T23:42:51Z,lag-1790120568,2163,90,132
2026-09-22T23:47:58Z,lag-1790120876,2427,150,200
2026-09-22T23:53:01Z,lag-1790121178,2838,239,312
2026-09-22T23:57:57Z,lag-1790121475,2184,130,106
2026-09-23T00:03:05Z,lag-1790121781,2805,158,292
2026-09-23T00:08:05Z,lag-1790122083,2344,95,159
2026-09-23T00:13:07Z,lag-1790122384,2498,152,182
2026-09-23T00:18:09Z,lag-1790122686,2473,149,194
2026-09-23T00:23:54Z,lag-1790123031,2742,131,303
2026-09-23T00:28:14Z,lag-1790123291,2503,140,208
2026-09-23T00:33:21Z,lag-1790123598,2937,186,340
2026-09-23T00:38:22Z,lag-1790123900,2248,94,136
2026-09-23T00:43:25Z,lag-1790124202,2565,151,220
2026-09-23T00:48:29Z,lag-1790124506,2712,164,266
2026-09-23T00:54:08Z,lag-1790124846,2400,73,160
2026-09-23T00:58:39Z,lag-1790125116,2576,159,266
2026-09-23T01:03:41Z,lag-1790125418,2354,104,170
2026-09-23T01:08:43Z,lag-1790125719,2798,144,312
2026-09-23T01:13:43Z,lag-1790126020,2766,136,265
2026-09-23T01:18:45Z,lag-1790126322,2358,140,164
2026-09-23T01:23:47Z,lag-1790126624,2229,78,101
2026-09-23T01:28:50Z,lag-1790126927,2147,72,111
2026-09-23T01:33:54Z,lag-1790127231,2293,127,108
2026-09-23T01:38:58Z,lag-1790127535,2660,167,276
2026-09-23T01:43:58Z,lag-1790127836,2280,111,168
2026-09-23T01:49:03Z,lag-1790128140,2692,211,222
2026-09-23T01:54:04Z,lag-1790128441,2402,145,161
2026-09-23T01:59:07Z,lag-1790128744,2646,158,278
2026-09-23T02:04:07Z,lag-1790129044,2697,141,198
2026-09-23T02:09:13Z,lag-1790129350,2306,124,169
2026-09-23T02:14:17Z,lag-1790129654,2877,134,305
2026-09-23T02:19:15Z,lag-1790129953,2085,139,121
2026-09-23T02:24:20Z,lag-1790130257,2364,86,174
2026-09-23T02:29:23Z,lag-1790130560,2747,172,293
2026-09-23T02:34:29Z,lag-1790130866,2806,150,315
2026-09-23T02:39:27Z,lag-1790131165,2098,134,108
2026-09-23T02:44:33Z,lag-1790131470,2722,157,284
2026-09-23T02:49:37Z,lag-1790131774,2772,222,276
2026-09-23T02:54:35Z,lag-1790132073,2232,106,119
2026-09-23T02:59:39Z,lag-1790132376,2644,173,270
2026-09-23T03:04:45Z,lag-1790132680,4230,155,652
2026-09-23T03:09:43Z,lag-1790132981,2243,83,128
2026-09-23T03:14:58Z,lag-1790133295,2797,173,305
2026-09-23T03:19:53Z,lag-1790133589,2773,161,300
2026-09-23T03:24:51Z,lag-1790133889,2128,123,103
2026-09-23T03:30:02Z,lag-1790134199,2803,171,309
2026-09-23T03:34:58Z,lag-1790134496,2332,166,208
2026-09-23T03:40:04Z,lag-1790134801,2986,188,339
2026-09-23T03:45:07Z,lag-1790135104,2878,194,354
2026-09-23T03:50:06Z,lag-1790135404,2423,75,160
2026-09-23T03:55:09Z,lag-1790135707,2245,126,111
2026-09-23T04:00:14Z,lag-1790136011,2719,261,279
2026-09-23T04:05:20Z,lag-1790136317,2825,133,304
2026-09-23T04:10:19Z,lag-1790136617,2169,123,116
2026-09-23T04:15:26Z,lag-1790136923,2649,148,230
2026-09-23T04:20:26Z,lag-1790137223,2683,176,288
2026-09-23T04:25:29Z,lag-1790137526,2240,102,151
2026-09-23T04:30:34Z,lag-1790137831,2598,181,253
2026-09-23T04:36:09Z,lag-1790138167,2096,118,110
2026-09-23T04:40:36Z,lag-1790138434,2084,72,109
2026-09-23T04:45:38Z,lag-1790138736,2336,71,107
2026-09-23T04:50:42Z,lag-1790139040,2384,134,168
2026-09-23T04:55:47Z,lag-1790139344,2740,216,274
2026-09-23T05:00:51Z,lag-1790139647,3185,206,305
2026-09-23T05:05:49Z,lag-1790139947,2253,76,132
2026-09-23T05:10:52Z,lag-1790140250,2190,90,673
2026-09-23T05:15:55Z,lag-1790140552,2299,98,152
2026-09-23T05:21:01Z,lag-1790140858,2749,182,284
2026-09-23T05:26:03Z,lag-1790141160,2678,174,277
2026-09-23T05:31:03Z,lag-1790141461,2180,54,106
2026-09-23T05:36:06Z,lag-1790141764,2206,54,104
2026-09-23T05:41:13Z,lag-1790142070,2795,187,308
2026-09-23T05:46:20Z,lag-1790142377,2370,117,180
2026-09-23T05:51:15Z,lag-1790142673,2131,90,106
2026-09-23T05:56:21Z,lag-1790142979,2546,186,245
2026-09-23T06:01:25Z,lag-1790143282,2929,179,324
2026-09-23T06:06:24Z,lag-1790143582,2184,74,125
2026-09-23T06:10:41Z,lag-1790143838,2534,163,210
2026-09-23T06:11:26Z,lag-1790143883,2502,166,320
2026-09-23T06:16:35Z,lag-1790144191,2735,294,278
2026-09-23T06:21:32Z,lag-1790144490,2169,106,107
2026-09-23T06:26:46Z,lag-1790144803,2817,199,445
2026-09-23T06:31:37Z,lag-1790145095,2105,148,107
2026-09-23T06:36:41Z,lag-1790145398,2803,168,280
2026-09-23T06:41:50Z,lag-1790145707,2618,176,295
2026-09-23T06:46:46Z,lag-1790146003,2649,145,275
2026-09-23T06:51:53Z,lag-1790146310,2381,214,222
2026-09-23T06:56:54Z,lag-1790146611,2830,236,281
2026-09-23T07:01:57Z,lag-1790146913,2855,167,312
2026-09-23T07:06:59Z,lag-1790147216,2850,169,327
2026-09-23T07:11:56Z,lag-1790147513,2382,155,199
2026-09-23T07:17:00Z,lag-1790147818,2273,72,123
2026-09-23T07:22:06Z,lag-1790148124,2568,143,187
2026-09-23T07:27:12Z,lag-1790148429,2746,141,297
2026-09-23T07:32:09Z,lag-1790148727,2116,99,110
2026-09-23T07:37:16Z,lag-1790149034,2153,63,107
2026-09-23T07:42:19Z,lag-1790149336,2622,171,278
2026-09-23T07:47:22Z,lag-1790149640,2531,211,245
2026-09-23T07:52:26Z,lag-1790149943,2801,197,309
2026-09-23T07:57:27Z,lag-1790150245,2331,126,150
2026-09-23T08:02:29Z,lag-1790150546,2830,156,201
2026-09-23T08:07:36Z,lag-1790150853,2761,124,309
2026-09-23T08:12:42Z,lag-1790151159,2555,158,208
2026-09-23T08:17:38Z,lag-1790151455,2500,147,201
2026-09-23T08:22:40Z,lag-1790151758,2364,79,120
2026-09-23T08:27:47Z,lag-1790152064,2756,139,298
2026-09-23T08:32:47Z,lag-1790152364,2473,148,216
2026-09-23T08:37:56Z,lag-1790152672,2866,128,298
2026-09-23T08:42:53Z,lag-1790152971,2296,134,163
2026-09-23T08:47:59Z,lag-1790153275,2816,128,306
2026-09-23T08:52:56Z,lag-1790153573,2183,126,99
2026-09-23T08:57:58Z,lag-1790153876,2165,94,118
2026-09-23T09:03:01Z,lag-1790154179,2141,110,122
2026-09-23T09:08:06Z,lag-1790154483,2669,158,275
2026-09-23T09:13:15Z,lag-1790154792,2820,134,297
2026-09-23T09:18:50Z,lag-1790155127,2749,121,335
2026-09-23T09:23:13Z,lag-1790155391,2358,143,180
2026-09-23T09:28:21Z,lag-1790155698,2596,133,205
2026-09-23T09:33:19Z,lag-1790155996,2179,104,122
2026-09-23T09:38:27Z,lag-1790156304,2827,148,292
2026-09-23T09:43:25Z,lag-1790156602,2711,175,309
2026-09-23T09:49:03Z,lag-1790156940,2192,117,109
2026-09-23T09:53:30Z,lag-1790157208,2092,92,119
2026-09-23T09:58:37Z,lag-1790157514,2804,188,249
2026-09-23T10:03:35Z,lag-1790157813,2095,98,109
2026-09-23T10:09:19Z,lag-1790158156,2830,146,335
2026-09-23T10:13:46Z,lag-1790158423,2667,161,255
2026-09-23T10:18:51Z,lag-1790158728,2300,95,164
2026-09-23T10:23:47Z,lag-1790159024,2264,127,160
2026-09-23T10:28:51Z,lag-1790159329,2106,119,104
2026-09-23T10:34:05Z,lag-1790159643,2120,97,98
2026-09-23T10:38:57Z,lag-1790159935,2495,156,219
2026-09-23T10:44:06Z,lag-1790160243,2768,134,308
2026-09-23T10:49:06Z,lag-1790160544,2412,150,203
2026-09-23T10:54:10Z,lag-1790160847,2589,177,239
2026-09-23T10:59:12Z,lag-1790161149,2600,171,386
2026-09-23T11:04:19Z,lag-1790161455,2799,143,370
2026-09-23T11:09:51Z,lag-1790161788,2482,105,112
2026-09-23T11:14:22Z,lag-1790162059,2717,122,312
2026-09-23T11:19:20Z,lag-1790162357,2776,178,268
2026-09-23T11:24:21Z,lag-1790162659,2170,61,105
2026-09-23T11:29:31Z,lag-1790162968,2867,177,313
2026-09-23T11:34:29Z,lag-1790163267,2215,144,114
2026-09-23T11:39:33Z,lag-1790163570,2062,119,108
2026-09-23T11:44:35Z,lag-1790163873,2135,69,108
2026-09-23T11:49:37Z,lag-1790164174,2494,158,194
2026-09-23T11:54:41Z,lag-1790164478,2714,158,277
2026-09-23T11:59:44Z,lag-1790164781,2201,131,110
2026-09-23T12:04:47Z,lag-1790165085,2170,70,101
2026-09-23T12:09:54Z,lag-1790165391,2893,120,312
2026-09-23T12:15:02Z,lag-1790165699,2953,174,337
2026-09-23T12:19:56Z,lag-1790165993,2291,98,113
2026-09-23T12:24:57Z,lag-1790166295,2449,83,174
2026-09-23T12:30:02Z,lag-1790166599,2474,153,214
2026-09-23T12:35:08Z,lag-1790166905,2763,187,292
2026-09-23T12:40:07Z,lag-1790167205,2192,129,114
2026-09-23T12:45:09Z,lag-1790167506,2294,136,111
2026-09-23T12:50:12Z,lag-1790167810,2453,182,204
2026-09-23T12:55:25Z,lag-1790168122,2737,138,320
2026-09-23T13:00:22Z,lag-1790168419,2990,199,256
2026-09-23T13:05:26Z,lag-1790168723,2679,200,282
2026-09-23T13:10:28Z,lag-1790169025,2417,154,178
2026-09-23T13:15:31Z,lag-1790169328,3053,173,252
2026-09-23T13:20:34Z,lag-1790169631,2289,56,100
2026-09-23T13:25:41Z,lag-1790169938,2797,132,317
2026-09-23T13:30:36Z,lag-1790170234,2456,141,207
2026-09-23T13:35:47Z,lag-1790170544,2829,179,309
2026-09-23T13:40:47Z,lag-1790170844,2522,196,237
2026-09-23T13:45:54Z,lag-1790171151,2715,206,278
2026-09-23T13:50:56Z,lag-1790171453,2801,131,298
2026-09-23T13:55:55Z,lag-1790171753,2210,101,112
2026-09-23T14:00:55Z,lag-1790172052,2911,165,241
2026-09-23T14:06:04Z,lag-1790172362,2485,153,201
2026-09-23T14:11:01Z,lag-1790172658,2241,89,118
2026-09-23T14:16:08Z,lag-1790172966,2228,101,130
2026-09-23T14:21:15Z,lag-1790173272,2768,180,315
2026-09-23T14:26:16Z,lag-1790173573,2753,161,191
2026-09-23T14:31:18Z,lag-1790173875,2655,150,270
2026-09-23T14:36:20Z,lag-1790174177,2444,102,161
2026-09-23T14:41:26Z,lag-1790174482,3287,176,331
2026-09-23T14:46:25Z,lag-1790174783,2126,146,152
2026-09-23T14:51:30Z,lag-1790175087,2718,198,294
2026-09-23T14:56:30Z,lag-1790175387,2525,132,194
2026-09-23T15:01:40Z,lag-1790175697,2821,129,303
2026-09-23T15:06:41Z,lag-1790175998,2401,123,197
2026-09-23T15:11:41Z,lag-1790176299,2412,143,200
2026-09-23T15:16:44Z,lag-1790176601,2680,162,272
2026-09-23T15:21:50Z,lag-1790176907,2800,143,296
2026-09-23T15:26:51Z,lag-1790177209,2201,133,115
2026-09-23T15:32:01Z,lag-1790177518,2777,148,301
2026-09-23T15:35:44Z,lag-1790177741,2638,196,250
2026-09-23T15:36:57Z,lag-1790177814,2164,81,108
2026-09-23T15:42:08Z,lag-1790178124,2890,145,320
2026-09-23T15:47:02Z,lag-1790178419,2519,188,211
2026-09-23T15:52:15Z,lag-1790178731,2780,156,316
2026-09-23T15:57:11Z,lag-1790179029,2289,138,163
2026-09-23T16:02:19Z,lag-1790179336,2591,138,208
2026-09-23T16:07:24Z,lag-1790179641,2731,130,272
2026-09-23T16:12:24Z,lag-1790179941,2861,204,322
2026-09-23T16:17:33Z,lag-1790180250,2670,123,184
2026-09-23T16:22:25Z,lag-1790180542,2345,124,163
2026-09-23T16:27:34Z,lag-1790180851,2729,299,284
2026-09-23T16:32:35Z,lag-1790181153,2140,89,127
2026-09-23T16:37:33Z,lag-1790181450,2217,95,123
2026-09-23T16:42:42Z,lag-1790181759,2615,173,259
2026-09-23T16:47:40Z,lag-1790182058,2158,65,115
2026-09-23T16:52:45Z,lag-1790182362,2403,141,203
2026-09-23T16:57:58Z,lag-1790182675,2811,194,327
2026-09-23T17:02:54Z,lag-1790182972,2664,172,262
2026-09-23T17:07:57Z,lag-1790183274,2530,190,299
2026-09-23T17:13:01Z,lag-1790183578,2734,149,301
2026-09-23T17:18:04Z,lag-1790183881,2798,149,313
2026-09-23T17:23:03Z,lag-1790184181,2227,78,111
2026-09-23T17:28:06Z,lag-1790184484,2076,55,113
2026-09-23T17:33:18Z,lag-1790184795,2867,124,303
2026-09-23T17:38:13Z,lag-1790185090,2345,126,188
2026-09-23T17:43:15Z,lag-1790185392,2653,138,197
2026-09-23T17:48:21Z,lag-1790185698,2731,176,256
2026-09-23T17:53:21Z,lag-1790185998,2399,125,209
2026-09-23T17:58:22Z,lag-1790186300,2081,97,98
2026-09-23T18:03:28Z,lag-1790186606,2415,111,207
2026-09-23T18:08:32Z,lag-1790186909,2535,141,197
2026-09-23T18:13:35Z,lag-1790187212,2115,67,112
2026-09-23T18:18:34Z,lag-1790187512,2142,80,111
2026-09-23T18:23:40Z,lag-1790187818,2248,79,124
2026-09-23T18:28:43Z,lag-1790188120,2803,150,312
2026-09-23T18:33:43Z,lag-1790188420,2429,115,198
2026-09-23T18:38:50Z,lag-1790188727,2510,142,209
2026-09-23T18:43:48Z,lag-1790189025,2392,113,208
2026-09-23T18:48:51Z,lag-1790189329,2148,82,142
2026-09-23T18:54:02Z,lag-1790189639,2746,159,273
2026-09-23T18:58:59Z,lag-1790189936,2575,173,220
2026-09-23T19:04:01Z,lag-1790190238,2434,244,223
2026-09-23T19:09:13Z,lag-1790190549,2961,201,318
2026-09-23T19:14:12Z,lag-1790190849,2763,176,291
2026-09-23T19:19:12Z,lag-1790191150,2151,72,114
2026-09-23T19:24:13Z,lag-1790191450,2620,140,285
2026-09-23T19:29:16Z,lag-1790191753,2461,138,162
2026-09-23T19:34:24Z,lag-1790192061,2783,164,326
2026-09-23T19:39:24Z,lag-1790192361,2907,158,288
2026-09-23T19:44:27Z,lag-1790192664,2747,155,309
2026-09-23T19:49:33Z,lag-1790192970,2773,132,304
2026-09-23T19:54:29Z,lag-1790193266,2433,138,222
2026-09-23T19:59:34Z,lag-1790193571,2341,66,127
2026-09-23T20:04:40Z,lag-1790193877,2545,135,191
2026-09-23T20:09:41Z,lag-1790194179,2470,147,202
2026-09-23T20:14:45Z,lag-1790194481,2895,179,388
2026-09-23T20:19:44Z,lag-1790194782,2178,73,109
2026-09-23T20:24:49Z,lag-1790195086,2146,84,113
2026-09-23T20:29:51Z,lag-1790195389,2178,87,105
2026-09-23T20:35:00Z,lag-1790195697,2848,145,313
2026-09-23T20:39:57Z,lag-1790195995,2288,195,230
2026-09-23T20:44:57Z,lag-1790196295,2179,66,114
2026-09-23T20:50:02Z,lag-1790196600,2189,107,127
2026-09-23T20:55:09Z,lag-1790196907,2372,125,178
2026-09-23T21:00:11Z,lag-1790197208,3292,198,490
2026-09-23T21:05:15Z,lag-1790197511,2774,170,268
2026-09-23T21:10:22Z,lag-1790197819,2631,132,204
2026-09-23T21:15:20Z,lag-1790198117,2833,182,324
2026-09-23T21:20:20Z,lag-1790198417,2307,146,151
2026-09-23T21:25:23Z,lag-1790198720,2236,81,103
2026-09-23T21:30:30Z,lag-1790199027,2788,188,301
2026-09-23T21:35:27Z,lag-1790199325,2148,73,121
2026-09-23T21:40:32Z,lag-1790199629,2349,98,173
2026-09-23T21:45:39Z,lag-1790199936,2687,173,268
2026-09-23T21:50:37Z,lag-1790200234,2153,57,117
2026-09-23T21:55:41Z,lag-1790200539,2590,170,247
2026-09-23T22:00:48Z,lag-1790200844,4186,244,316
2026-09-23T22:05:45Z,lag-1790201142,2256,86,117
2026-09-23T22:10:49Z,lag-1790201446,2193,117,114
2026-09-23T22:15:51Z,lag-1790201748,2220,89,125
2026-09-23T22:20:54Z,lag-1790202051,2669,164,331
2026-09-23T22:22:25Z,lag-1790202142,2748,190,313
2026-09-23T22:26:01Z,lag-1790202359,2398,129,163
2026-09-23T22:30:59Z,lag-1790202657,2478,118,203
2026-09-23T22:36:03Z,lag-1790202960,2175,130,121
2026-09-23T22:41:06Z,lag-1790203264,2364,124,157
2026-09-23T22:46:09Z,lag-1790203567,2503,159,202
2026-09-23T22:51:09Z,lag-1790203867,2315,166,186
2026-09-23T22:56:17Z,lag-1790204175,2241,142,163
2026-09-23T23:01:16Z,lag-1790204473,2258,77,148
2026-09-23T23:06:25Z,lag-1790204781,2850,158,296
2026-09-23T23:11:22Z,lag-1790205080,2105,80,121
2026-09-23T23:16:25Z,lag-1790205382,2478,156,207
2026-09-23T23:21:34Z,lag-1790205691,2645,163,253
2026-09-23T23:26:31Z,lag-1790205989,2099,65,106
2026-09-23T23:31:33Z,lag-1790206291,2372,258,195
2026-09-23T23:36:42Z,lag-1790206599,2809,208,330
2026-09-23T23:41:48Z,lag-1790206905,2724,180,344
2026-09-23T23:46:43Z,lag-1790207201,2309,89,161
2026-09-23T23:51:46Z,lag-1790207504,2529,173,231
2026-09-23T23:56:49Z,lag-1790207806,2507,267,247
2026-09-24T00:01:50Z,lag-1790208108,2440,143,188
2026-09-24T00:06:51Z,lag-1790208409,2194,85,116
2026-09-24T00:11:57Z,lag-1790208714,2475,127,199
2026-09-24T00:17:03Z,lag-1790209020,2834,142,316
2026-09-24T00:22:05Z,lag-1790209322,2763,132,299
2026-09-24T00:27:07Z,lag-1790209623,2861,179,313
2026-09-24T00:32:06Z,lag-1790209923,2391,156,177
2026-09-24T00:37:15Z,lag-1790210231,3331,137,427
2026-09-24T00:42:12Z,lag-1790210529,2730,187,254
2026-09-24T00:43:37Z,lag-1790210614,2634,152,267
2026-09-24T00:47:13Z,lag-1790210831,2136,121,115
2026-09-24T00:52:23Z,lag-1790211140,2731,144,273
2026-09-24T00:57:18Z,lag-1790211436,2199,55,106
2026-09-24T01:02:22Z,lag-1790211740,2155,54,123
2026-09-24T01:07:23Z,lag-1790212041,2378,146,166
2026-09-24T01:12:32Z,lag-1790212349,2671,160,271
2026-09-24T01:17:30Z,lag-1790212648,2501,110,184
2026-09-24T01:22:32Z,lag-1790212950,2163,66,128
2026-09-24T01:27:37Z,lag-1790213254,2802,139,311
2026-09-24T01:32:58Z,lag-1790213576,2204,222,93
2026-09-24T01:37:48Z,lag-1790213865,2807,178,304
2026-09-24T01:42:46Z,lag-1790214163,2719,189,245
2026-09-24T01:47:46Z,lag-1790214463,2390,168,192
2026-09-24T01:52:55Z,lag-1790214771,2585,1916,268
2026-09-24T01:57:53Z,lag-1790215070,2676,171,286
2026-09-24T02:02:57Z,lag-1790215374,2224,117,118
2026-09-24T02:07:57Z,lag-1790215675,2202,98,114
2026-09-24T02:13:04Z,lag-1790215981,2635,165,255
2026-09-24T02:18:00Z,lag-1790216278,2514,137,226
2026-09-24T02:23:22Z,lag-1790216599,3048,138,311
2026-09-24T02:28:08Z,lag-1790216885,2165,86,118
2026-09-24T02:33:14Z,lag-1790217191,2292,139,117
2026-09-24T02:38:14Z,lag-1790217491,2335,115,194
2026-09-24T02:43:23Z,lag-1790217800,2773,215,344
2026-09-24T02:48:23Z,lag-1790218100,2890,211,284
2026-09-24T02:53:22Z,lag-1790218400,2301,95,159
2026-09-24T02:58:25Z,lag-1790218702,2155,91,103
2026-09-24T03:03:26Z,lag-1790219004,2129,145,117
2026-09-24T03:08:32Z,lag-1790219310,2327,96,177
2026-09-24T03:13:34Z,lag-1790219612,2122,78,115
2026-09-24T03:18:37Z,lag-1790219914,2673,183,261
2026-09-24T03:23:36Z,lag-1790220213,2218,55,113
2026-09-24T03:28:46Z,lag-1790220523,2782,124,303
2026-09-24T03:34:20Z,lag-1790220858,2134,70,104
2026-09-24T03:38:45Z,lag-1790221123,2232,87,117
2026-09-24T03:43:49Z,lag-1790221426,2198,84,130
2026-09-24T03:48:53Z,lag-1790221731,2399,144,204
2026-09-24T03:53:55Z,lag-1790222033,2205,67,121
2026-09-24T03:58:58Z,lag-1790222336,2198,61,110
2026-09-24T04:04:04Z,lag-1790222641,2723,175,277
2026-09-24T04:09:04Z,lag-1790222941,2181,54,103
2026-09-24T04:14:12Z,lag-1790223249,2894,144,308
2026-09-24T04:19:14Z,lag-1790223551,2728,221,273
2026-09-24T04:24:11Z,lag-1790223848,2630,102,205
2026-09-24T04:29:13Z,lag-1790224150,2572,159,184
2026-09-24T04:34:18Z,lag-1790224455,2179,71,109
2026-09-24T04:39:25Z,lag-1790224762,2686,156,286
2026-09-24T04:44:27Z,lag-1790225064,2709,141,304
2026-09-24T04:49:31Z,lag-1790225368,2836,124,288
2026-09-24T04:54:30Z,lag-1790225667,2171,139,139
2026-09-24T04:59:35Z,lag-1790225972,2925,168,328
2026-09-24T05:04:36Z,lag-1790226273,2632,172,278
2026-09-24T05:09:38Z,lag-1790226576,2121,81,111
2026-09-24T05:14:38Z,lag-1790226876,2132,125,109
2026-09-24T05:19:43Z,lag-1790227180,2662,241,272
2026-09-24T05:24:45Z,lag-1790227482,2198,77,125
2026-09-24T05:29:46Z,lag-1790227784,2442,148,184
2026-09-24T05:31:59Z,lag-1790227916,2436,192,193
2026-09-24T05:34:50Z,lag-1790228088,2422,151,179
2026-09-24T05:39:55Z,lag-1790228392,2623,154,277
2026-09-24T05:45:06Z,lag-1790228703,2466,153,187
2026-09-24T05:50:06Z,lag-1790229003,2806,119,318
2026-09-24T05:55:06Z,lag-1790229303,2826,154,317
2026-09-24T06:00:16Z,lag-1790229613,2261,138,133
2026-09-24T06:05:08Z,lag-1790229906,2281,90,119
2026-09-24T06:10:16Z,lag-1790230213,2621,190,278
2026-09-24T06:15:19Z,lag-1790230516,2880,141,289
2026-09-24T06:20:15Z,lag-1790230813,2312,55,105
2026-09-24T06:25:19Z,lag-1790231117,2135,122,97
2026-09-24T06:30:24Z,lag-1790231421,2412,136,189
2026-09-24T06:35:27Z,lag-1790231724,2641,176,264
2026-09-24T06:40:33Z,lag-1790232030,2773,142,305
2026-09-24T06:45:30Z,lag-1790232327,2463,121,190
2026-09-24T06:50:34Z,lag-1790232631,2169,90,127
2026-09-24T06:55:39Z,lag-1790232936,2728,169,303
2026-09-24T07:00:43Z,lag-1790233240,3051,200,434
2026-09-24T07:05:45Z,lag-1790233542,2708,186,293
2026-09-24T07:10:43Z,lag-1790233840,2477,154,192
2026-09-24T07:15:45Z,lag-1790234143,2427,161,180
2026-09-24T07:20:54Z,lag-1790234451,2749,187,251
2026-09-24T07:25:55Z,lag-1790234752,2787,175,281
2026-09-24T07:31:00Z,lag-1790235057,2860,136,317
2026-09-24T07:36:02Z,lag-1790235359,2529,158,205
2026-09-24T07:41:04Z,lag-1790235661,2745,157,285
2026-09-24T07:46:07Z,lag-1790235964,2646,165,400
2026-09-24T07:51:07Z,lag-1790236265,2321,79,155
2026-09-24T07:56:17Z,lag-1790236574,2740,121,299
2026-09-24T08:01:11Z,lag-1790236869,2208,94,108
2026-09-24T08:06:17Z,lag-1790237174,2227,151,124
2026-09-24T08:11:19Z,lag-1790237476,2554,149,212
2026-09-24T08:16:28Z,lag-1790237785,2784,134,312
2026-09-24T08:21:29Z,lag-1790238086,2897,156,298
2026-09-24T08:26:28Z,lag-1790238386,2183,69,125
2026-09-24T08:31:31Z,lag-1790238688,2346,113,163
2026-09-24T08:36:37Z,lag-1790238994,2739,155,279
2026-09-24T08:41:38Z,lag-1790239295,2345,116,187
2026-09-24T08:46:44Z,lag-1790239602,2294,92,141
2026-09-24T08:51:42Z,lag-1790239900,2128,52,124
2026-09-24T08:56:45Z,lag-1790240203,2034,84,108
2026-09-24T09:01:52Z,lag-1790240508,3042,153,278
2026-09-24T09:06:56Z,lag-1790240814,2639,164,235
2026-09-24T09:12:00Z,lag-1790241117,2628,180,309
2026-09-24T09:17:01Z,lag-1790241418,2763,191,259
2026-09-24T09:22:01Z,lag-1790241719,2210,136,108
2026-09-24T09:27:04Z,lag-1790242022,2132,71,123
2026-09-24T09:32:14Z,lag-1790242331,2776,176,304
2026-09-24T09:37:10Z,lag-1790242627,2414,151,210
